Year,GDP ($Y_t$): Baseline,Labor ($L_t$): Baseline,Government Consumption Expenditures ($G_{t}$): Baseline,Government Transfers ($TR_{t}$): Baseline,HH Savings ($B_t$): Baseline,Capital Stock ($K_t$): Baseline,Domestically-owned Capital Stock ($K^d_t$): Baseline,Foreign-owned Capital Stock ($K^f_t$): Baseline,Government Debt ($D_t$): Baseline,Domestically-owned Gov Debt ($D^d_t$): Baseline,Foreign-owned Gov Debt ($D^f_t$): Baseline,Real interest rate ($r_t$): Baseline,"Real interest rate on gov debt ($r_{gov,t}$): Baseline","Real interest rate on HH portfolio ($r_{p,t}$): Baseline",Wage rate ($w_{t}$): Baseline,Total tax revenue ($REV_t$): Baseline,Total corporate tax revenue: Baseline,GDP ($Y_t$): Reform,Labor ($L_t$): Reform,Government Consumption Expenditures ($G_{t}$): Reform,Government Transfers ($TR_{t}$): Reform,HH Savings ($B_t$): Reform,Capital Stock ($K_t$): Reform,Domestically-owned Capital Stock ($K^d_t$): Reform,Foreign-owned Capital Stock ($K^f_t$): Reform,Government Debt ($D_t$): Reform,Domestically-owned Gov Debt ($D^d_t$): Reform,Foreign-owned Gov Debt ($D^f_t$): Reform,Real interest rate ($r_t$): Reform,"Real interest rate on gov debt ($r_{gov,t}$): Reform","Real interest rate on HH portfolio ($r_{p,t}$): Reform",Wage rate ($w_{t}$): Reform,Total tax revenue ($REV_t$): Reform,Total corporate tax revenue: Reform
2026,0.7582570930081775,0.34071561251652044,0.04474986929379036,0.0658546354806761,2.7526315748127947,2.7968353263850654,2.2898202590101375,0.5070150673749279,0.7713521930044286,0.4628113158026571,0.3085408772017715,0.049663617176839925,0.005,0.040008414262854244,1.3797993671510618,0.12554985426846157,0.009395178766117023,0.7584811630391429,0.3408348438436946,0.04476309317879034,0.06587409717769503,2.7526315748127947,2.797413407419162,2.2898202590101375,0.5075931484090246,0.7713521930044286,0.4628113158026571,0.3085408772017715,0.04967235869519601,0.005,0.04001683269766701,1.3797242986953209,0.12560057082277654,0.009398251449152005
2027,0.7578646584628839,0.34172560026625826,0.04430552579839866,0.06603277536308529,2.713979638008463,2.779571730144526,2.2421288933429313,0.5374428368015945,0.7864179077758866,0.47185074466553195,0.31456716311035465,0.05028902637363526,0.007,0.04074232338488752,1.3750092837399452,0.125396521501312,0.009228239819333527,0.7580830085290943,0.3418417127106757,0.04431829076161938,0.06605180142971576,2.7139064891180076,2.780138235140785,2.2421348391961624,0.5380033959446224,0.7862860832030755,0.4717716499218453,0.3145144332812302,0.0502973780785361,0.007,0.04075159963735081,1.3749382791016331,0.12544063783735884,0.009231172760548577
2028,0.7568383180880356,0.3422945197658489,0.04364043267843326,0.06447504203977183,2.680465507659605,2.7621698908968844,2.198427208918834,0.5637426819780502,0.8033971645679516,0.482038298740771,0.32135886582718065,0.05084395288846996,0.009,0.04141557665470315,1.370864788927829,0.12508528681505396,0.009050686169175513,0.7570885850922128,0.3424138125263735,0.043654863449294624,0.06449636340876123,2.680795326323375,2.7630028865384118,2.1989340893509377,0.5640687971874738,0.8031020616207286,0.4818612369724372,0.3212408246482914,0.050846850715191586,0.009,0.04142270873706379,1.370840367672801,0.1251419066773281,0.009053771200930915
2029,0.7555869658709364,0.3425681096202677,0.04284631448667731,0.06664274334510183,2.653452343792616,2.746585085164662,2.161221301777665,0.5853637833869972,0.8203850700249179,0.49223104201495077,0.3281540280099671,0.05130978229859074,0.01,0.04180868929926769,1.3675051051549776,0.12463878994884996,0.008867393855331876,0.755838265143622,0.3426858724800144,0.04286056466323422,0.06666490908525598,2.65372930345674,2.747448473291856,2.1618026712756393,0.5856458020162166,0.8198777203018347,0.4919266321811009,0.3279510881207338,0.05131160627318886,0.01,0.04181691942837258,1.3674898460766294,0.12469529098571758,0.008870399351844686
2030,0.7542795561259483,0.3426966213133225,0.042147067327538645,0.06640674489596615,2.6323677700000165,2.7324235558672623,2.1282695112841514,0.6041540445831108,0.8401637645264418,0.5040982587158651,0.3360655058105767,0.051720968131337905,0.01,0.04190941877966066,1.3646269096700157,0.1240657518241508,0.008681758259510427,0.7545324238904082,0.34281289678046206,0.04216119688283031,0.0664290085157191,2.6325724751788377,2.7333215140107567,2.1289333413613227,0.6043881726494338,0.8393985563625251,0.5036391338175151,0.33575942254501,0.0517216306205562,0.01,0.041919227937647345,1.3646214028869434,0.12412201070046298,0.008684688659296587
2031,0.7529362027011388,0.34271944443752533,0.041381938402606615,0.066552006781879,2.6145038220143704,2.7193403932116205,2.098502415522118,0.6208379776895026,0.8600023441537541,0.5160014064922525,0.34400093766150164,0.052091467934425636,0.01,0.04197818268299553,1.362105798775652,0.12352511721783101,0.008494608839623288,0.7531926900583884,0.34283439633305784,0.04139603514012657,0.06657467885296686,2.614636115357534,2.720289969380362,2.099281235058578,0.621008734321784,0.8589248004982601,0.5153548802989562,0.343569920199304,0.05209060240517499,0.01,0.041989837033192284,1.3621129521742956,0.12358154038166233,0.008497477461214036
2032,0.7517488918301207,0.34273001122499375,0.040605716392203964,0.067018394366335,2.6004867334162007,2.7079340710125512,2.072208567922387,0.6357255030901642,0.8804636091563565,0.5282781654938138,0.3521854436625426,0.052423694904568004,0.01,0.04201441015656494,1.3599159348657772,0.12302315440336456,0.00830827470918752,0.7520115072587418,0.342843838995427,0.04061990156458093,0.0670418077095231,2.6005472457994854,2.7089561276274114,2.0731421822114178,0.6358139454159935,0.879008439313446,0.5274050635880676,0.3516033757253783,0.05242084564258166,0.01,0.04202820996659001,1.3599393634172743,0.12308012101665772,0.008311096825622625
2033,0.7505439696768923,0.3427391683628241,0.039903983599818914,0.06735380289264117,2.590148689747444,2.696409487002842,2.04907006325145,0.6473394237513922,0.9017977108266577,0.5410786264959946,0.3607190843306631,0.052693778495270426,0.01,0.04199365390639925,1.3576999407292454,0.12268950636554046,0.008302540158459645,0.7508151749784295,0.3428518452104339,0.039918402704284414,0.06737814206271567,2.590139634001511,2.6975272011014777,2.050206220862689,0.6473209802387887,0.8998890218980361,0.5399334131388218,0.35995560875921434,0.052688373377443976,0.01,0.04200990205945397,1.3577441957772252,0.1227475564202571,0.008305388910153996
2034,0.7495253390616032,0.3427863166521606,0.039206733579638636,0.06762217009212061,2.5822890583869156,2.686186845265965,2.0281648030500117,0.6580220422159535,0.9235404255615064,0.5541242553369039,0.3694161702246025,0.052942109286226585,0.01,0.0419554432953669,1.355670789471194,0.12241131850469084,0.008298198658191166,0.7498087777598577,0.3428981709486817,0.03922155990364595,0.06764774317159652,2.5822144354555747,2.6874298934329337,2.0295596535717406,0.6578702398611931,0.9210913031397234,0.5526547818838341,0.36843652125588927,0.052933491074121784,0.01,0.041974499524264255,1.3557410766778006,0.12247115966520175,0.008301096844375263
2035,0.74858520896833,0.34283277853978933,0.03856636138083939,0.0681886279223559,2.5760108204431944,2.676737390396864,2.0088126130903152,0.6679247773065486,0.9453303455881318,0.5671982073528792,0.37813213823525266,0.05317354273477638,0.01,0.04190557697845794,1.3537868773214343,0.12216563013011345,0.008294207163671977,0.748884765200028,0.3429439709187684,0.03858179421834024,0.06821591578382104,2.575876926465334,2.678139717288599,2.0105324787012773,0.667607238587322,0.9422407462734276,0.5653444477640567,0.3768962985093709,0.0531609114324924,0.01,0.041927827116138405,1.3538895208329387,0.12222794924772153,0.008297176653078485
2036,0.7476631201699284,0.3428556173134285,0.037993996777675246,0.06866538963245267,2.5711133530340335,2.6677794484273285,1.9906739150362316,0.677105533391097,0.9673990633296697,0.580439437997802,0.38695962533186784,0.05339022761120537,0.01,0.041843140556127395,1.352029252907819,0.12193974358309152,0.008289964911810024,0.7479835051079264,0.3429663402836165,0.03801027777906949,0.06869481511421904,2.570928567120514,2.6693822109492196,1.992799231439927,0.6765829795092926,0.9635488928009782,0.578129335680587,0.38541955712039117,0.05337260627023022,0.01,0.041869035837480875,1.3521719629249072,0.12200540688009705,0.008293032245936399
2037,0.746724473391136,0.3428487631808501,0.03756770825630805,0.06911683342963784,2.5671116849819575,2.6590614145460654,1.973304715902851,0.6857566986432142,0.989678281798511,0.5938069690791067,0.39587131271940434,0.05359684577772978,0.01,0.04177169648663962,1.3503588657723116,0.12172039228051756,0.008285223518954159,0.7470713615673358,0.3429592814311334,0.03758516020045266,0.06914894277055472,2.566886557722364,2.6609136844125665,1.9759310442345464,0.6849826401780199,0.9849258558130293,0.5909555134878177,0.3939703423252116,0.053573065868959685,0.01,0.04180176482060034,1.3505508359067653,0.12179045301375044,0.008288421195475418
2038,0.7457769359083517,0.34282379129577906,0.037272812591295564,0.06959592735216577,2.5638424948522136,2.6505062357435767,1.9564379829582972,0.6940682527852797,1.0123408531565274,0.6074045118939164,0.40493634126261097,0.053797284856495736,0.01,0.04169254669717139,1.3487436125526149,0.12150136600654374,0.00828017819298723,0.746157101553568,0.34293445213423196,0.037291812699995,0.0696314058168828,2.5635894170961793,2.652666080835707,1.959678070657065,0.6929880101786421,1.006518910731857,0.6039113464391144,0.40260756429274275,0.05376595904159662,0.01,0.041727407908276705,1.3489957187263877,0.12157710335833427,0.008283545549643646
2039,0.7449798825760824,0.34286106355437723,0.03711676019964687,0.07006538924787663,2.56163611545462,2.6425893681048085,1.9402406210935677,0.702348747011241,1.0356591572684208,0.6213954943610525,0.4142636629073683,0.053994949523718874,0.01,0.041607591469310215,1.3471556871472374,0.12130885299821968,0.008276694437731286,0.7454014720619601,0.3429723774507799,0.03713776484180701,0.07010504116604452,2.561370239420669,2.645125306105836,1.9442265234042406,0.7008987827015954,1.028572860027381,0.6171437160164286,0.4114291440109523,0.05395445522867633,0.01,0.04164795547694096,1.347480594506172,0.12139186137818536,0.008280280164925416
2040,0.7444152874777267,0.3430021796946169,0.03708863066035904,0.07049616658865547,2.560614259473786,2.6355522012831143,1.9247895643214217,0.7107626369616926,1.059707825253941,0.6358246951523645,0.42388313010157636,0.054191582414498105,0.01,0.04151854709895744,1.3455809226522524,0.12116131753163605,0.008275735105888356,0.7448879222658171,0.34311482934911414,0.03711217850708868,0.07054092652479538,2.5603562074683137,2.6385439795405947,1.929674115545212,0.7088698639953825,1.0511368198718363,0.6306820919231018,0.4204547279487345,0.054140044446343405,0.01,0.041565184694139085,1.3459932037779874,0.12125348323829165,0.008279597952790683
2041,0.7440366531179308,0.3432244195679877,0.03706976614996811,0.0709588220720778,2.5606963442385204,2.629245906197293,1.9100088112927016,0.7192370949045913,1.0844792215763648,0.6506875329458188,0.4337916886305459,0.05438636953523025,0.01,0.04142470006474952,1.3440257076970288,0.12104868271192265,0.008276766613579088,0.7445717198078381,0.34333932817764207,0.03709642451012602,0.07100985276004834,2.560472811845891,2.632786321100234,1.9159685975359133,0.7168177235643204,1.0741736905166293,0.6445042143099775,0.42966947620665175,0.05432162382014412,0.01,0.04147845780956819,1.3445421239670505,0.12115221389357922,0.008280977776242409
2042,0.743757090764514,0.34348548158150427,0.037055837654615,0.07137842209912194,2.561698768811157,2.623390533884094,1.8957511566428447,0.7276393772412493,1.1099126869471878,0.6659476121683127,0.44396507477887515,0.05457808818235052,0.01,0.04132501099021816,1.3424996026027634,0.12095128032000105,0.008278793802973671,0.7443679485569086,0.34360384030340096,0.037086272116976585,0.07143704739321408,2.5615431071432826,2.62758697913371,1.9029893444294843,0.7245976347042258,1.0975896045229971,0.6585537627137982,0.43903584180919897,0.054497642241144846,0.01,0.04138682234731259,1.343139407096884,0.12106872351015392,0.00828343837188095
2043,0.7436058656172028,0.34379972666625297,0.03704830323971309,0.07177289998558561,2.5636802219349293,2.6180779866161843,1.882060300277534,0.7360176863386503,1.1360332027623257,0.6816199216573954,0.4544132811049303,0.05476705980697061,0.01,0.041220091464636885,1.3409998186894687,0.12087960598842798,0.008282154375875147,0.7443085312333068,0.3439232046385599,0.037083311797371434,0.07184072234183952,2.5636332971100293,2.6230560973182326,1.8908118757773544,0.7322442215408784,1.121369035554458,0.6728214213326748,0.44854761422178335,0.054668047373593424,0.01,0.04129100726617455,1.3417850861751712,0.12101392539661245,0.008287337663537078
2044,0.7435246195600131,0.3441480793777865,0.03704425535802876,0.07212195779180125,2.5660572547654947,2.6130041362280574,1.8685140850994608,0.7444900511285965,1.1625719494433897,0.6975431696660339,0.46502877977735585,0.0549570875117527,0.01,0.04111395556819036,1.3394960913585576,0.12082723677695541,0.008286302476160823,0.7443386923809165,0.34427904359227895,0.03708481450114822,0.0722009235780548,2.5661701551803047,2.6189133828801388,1.8790548970354606,0.7398584858446782,1.1451920969080738,0.6871152581448441,0.45807683876322963,0.05483614938973548,0.01,0.04119520450766956,1.3404525851572042,0.12098219252714014,0.008292157854950948
2045,0.7433932210968786,0.344481173594615,0.03703770875809924,0.07243631335368525,2.5680911487129037,2.6076698917808896,1.8545959430358683,0.7530739487450213,1.1891586761283923,0.7134952056770354,0.4756634704513569,0.05515122615319615,0.01,0.041009973472196835,1.3379644073826236,0.12076906996235684,0.00828998045042418,0.7443422061457844,0.34462292535850725,0.03708498956569835,0.07252878260736476,2.568427598037284,2.6146834465447752,1.8672401283172626,0.7474433182275128,1.1686457828667023,0.7011874697200213,0.467458313146681,0.05500453032048186,0.01,0.041102938514785095,1.3391213587165796,0.1209491674908037,0.008296674291156058
2046,0.7431505918909573,0.3447685936496223,0.02983181025520075,0.07273223531209747,2.5696379156529514,2.601887852999911,1.8402278075063023,0.7616600454936089,1.2156835135777484,0.7294101081466491,0.48627340543109937,0.055348499301948885,0.01,0.04090755009282797,1.3364127057693715,0.12069513198434279,0.008292478844023597,0.7442629857371142,0.34492579707464055,0.036742485712368225,0.07284110453501019,2.5702774655028637,2.6102073591494634,1.8553331498029892,0.7548742093464743,1.191573859499791,0.7149443156998745,0.47662954379991657,0.05517170175509828,0.01,0.0410137706455235,1.3378031308850278,0.12090589891996872,0.008300221611919416
2047,0.7431401615967009,0.34506334515464593,0.02760441825366483,0.07299874620493675,2.571098080269129,2.59816664862035,1.8299098154615756,0.7682568331587741,1.2353137746792553,0.7411882648075532,0.4941255098717022,0.05549640490150029,0.01,0.040835504218598495,1.3352524189004962,0.12068126795390369,0.008296251236609811,0.7441542581398233,0.34520127006453566,0.03483960614657855,0.07309836020913071,2.572142096077795,2.605807651486345,1.8438462315738768,0.7619614199124679,1.2138264408398638,0.7282958645039181,0.4855305763359456,0.055332257489547995,0.01,0.04092631245223716,1.3365402810481004,0.12086595687465762,0.008303250018032022
2048,0.7431312760858164,0.34532412682083136,0.02557138374512341,0.0732579703127695,2.5725887023116316,2.5948844711543106,1.8208012855628097,0.7740831855915011,1.252979027914703,0.7517874167488218,0.5011916111658813,0.05562725756455372,0.01,0.040769676165426545,1.3342281159137512,0.12067399399843572,0.008299583230596054,0.7440595159121743,0.3454475808536839,0.03320376469743608,0.07334947556614912,2.5739376561881286,2.6019049309022204,1.8336377927066625,0.7682671381955579,1.2338331058024439,0.7402998634814663,0.4935332423209776,0.05547537115590892,0.01,0.04084742425349926,1.3354172624186997,0.12083443112093949,0.008305961642841623
2049,0.7431447103222684,0.34555948447836576,0.023778649190966894,0.07348967043536846,2.57431149733114,2.592124826468433,1.8129858567834174,0.7791389696850155,1.268876067579538,0.7613256405477228,0.5075504270318153,0.05574047988436219,0.01,0.04070837868815294,1.3333434885172515,0.120675912738964,0.008302695278348112,0.7439975615598108,0.3456721925970104,0.03187202873994531,0.0735740083389149,2.575884385597737,2.598577547734405,1.8247917236504296,0.7737858240839757,1.2518211032455127,0.7510926619473076,0.500728441298205,0.05560037177416076,0.01,0.040775031846724256,1.334438406779245,0.12081367588978845,0.008308553081643707
2050,0.7432059870004424,0.3457842386602744,0.022193655951715324,0.07370382832916282,2.5763317802083283,2.5899383476187534,1.8064202067386395,0.7835181408801141,1.283185955782815,0.7699115734696889,0.513274382313126,0.05583749688767942,0.01,0.04065130848617646,1.332586703105163,0.12069450263339804,0.008305913046905249,0.7439924617746224,0.3458891481272404,0.030806779794225844,0.07378182255109415,2.5780629103605053,2.595871886718075,1.81726379259011,0.7786080941279647,1.2679985296173253,0.7607991177703952,0.5071994118469301,0.055708621926629884,0.01,0.04070852430555978,1.3335922447739792,0.12081095202914255,0.008311332858191644
2051,0.7433021065841077,0.34599867614724755,0.02075613771604712,0.0739140520184468,2.5784985774730416,2.5882006052173465,1.8008526788322712,0.7873479263850753,1.2960764977346175,0.7776458986407705,0.518430599093847,0.05592141040207341,0.01,0.040598705729948156,1.3319330429784513,0.12072392495050548,0.008309174767401827,0.7440300609371763,0.3460981412622636,0.029945073398951375,0.07398643939085442,2.580334897714659,2.5936597300799793,1.8108005510789966,0.7828591790009829,1.2825572443927709,0.7695343466356626,0.5130228977571083,0.05580317651579533,0.01,0.040647892116695006,1.3328542915293355,0.12082021174966352,0.008314226029812286
2052,0.7434140458331105,0.34619824317682063,0.01944448482324465,0.07409616795669693,2.580705568966674,2.586791659594216,1.796087820039392,0.790703839554824,1.3076962482121361,0.7846177489272818,0.5230784992848544,0.05599433041727234,0.01,0.04055029986760049,1.3313657035011763,0.1207566101119938,0.008312324458689865,0.7440915775193786,0.34629431861701393,0.029267247103934912,0.07416369720051996,2.5826209144583308,2.5918266913209886,1.8052205755393962,0.7866061157815926,1.2956672315315576,0.7774003389189346,0.518266892612623,0.05588592673860389,0.01,0.040592559312525,1.3322093467514393,0.12083400217913702,0.008317074344902938
2053,0.7435255858938181,0.34637748836199467,0.018253845095721158,0.07424855431966565,2.5829180948862516,2.5856285636315866,1.7920129196267234,0.793615644004863,1.3181752920992136,0.7909051752595282,0.5272701168396854,0.056057288929574844,0.01,0.0405053898771293,1.3308763787299198,0.12079624624411557,0.008315208753404229,0.7441575010771541,0.34647154028508137,0.028758039119216372,0.0743116571010316,2.5848606201292754,2.590267824753617,1.8003738752650251,0.7898939494885918,1.307477908107084,0.7844867448642503,0.5229911632428337,0.05595831077747251,0.01,0.0405418450893522,1.3316458675976932,0.12085503158078426,0.008319698761093682
2054,0.7436407684437487,0.3465314577625121,0.017197460863812006,0.07437160215735866,2.585445967280156,2.5848078596932735,1.788869392754685,0.7959384669385884,1.327627624209118,0.7965765745254709,0.5310510496836471,0.05610690150646413,0.01,0.04046120327045571,1.3304911141578817,0.12084381405802808,0.00831778579532073,0.7442333165660281,0.3466252193050209,0.02842738269239614,0.07443086262592621,2.587387731949179,2.5890883833727374,1.7965157064485584,0.7925726769241791,1.3181200425010349,0.7908720255006207,0.5272480170004141,0.05601679322342514,0.01,0.040492755698797483,1.3311910642371567,0.1208855232907167,0.008322069666969934
2055,0.7437474863422363,0.34665576311717494,0.01620155397113704,0.07450127392811133,2.588277850337596,2.5842714650528436,1.7865838856620848,0.7976875793907587,1.3361566077925184,0.8016939646755112,0.5344626431170072,0.05614378709952024,0.01,0.040417106447270805,1.3302048705974157,0.12089477290717966,0.008319937049365818,0.7443054096014285,0.34675024059060006,0.028198037874144974,0.07455716087979652,2.590196955565972,2.5882251486137253,1.7935695345268858,0.7946556140868394,1.3277123683984768,0.796627421039086,0.5310849473593908,0.0560619735902422,0.01,0.04044450017616202,1.330839987530815,0.12091979183999478,0.008324051559723187
2056,0.7438201038309542,0.3467425706416643,0.015338501826762246,0.07450854685455474,2.5912653290351035,2.5838797411927388,1.7849535473841283,0.7989261938086106,1.3438529694182917,0.8063117816509753,0.5375411877673164,0.05616998328784707,0.01,0.040373167860704176,1.3300016784548585,0.12094183086294058,0.008321429104476103,0.7443478093260377,0.3468386527064101,0.02684109175948146,0.07456140693407678,2.5931454675730277,2.587536639763517,1.7913299719432876,0.7962066678202294,1.3363591593829003,0.8018154956297401,0.5345436637531602,0.05609590029272643,0.01,0.04039704262570254,1.3305765181692137,0.12096379291128777,0.00832540799509028
2057,0.7438279957345901,0.34677518956273573,0.014463033050372734,0.0745093363876752,2.594462598941156,2.583555333720951,1.7839865036185492,0.799568830102402,1.3507934922043439,0.8104760953226066,0.5403173968817373,0.05618429990103026,0.01,0.04032768452909184,1.32989066529202,0.12097783422831446,0.008321888704620618,0.7443294697787834,0.34687365403521564,0.025081741596467186,0.07455956889796042,2.5962906493092284,2.586942916027346,1.789801052979294,0.7971418630480522,1.3441493272165574,0.8064895963299343,0.5376597308866231,0.05611742175947328,0.01,0.04034859587217647,1.3304094569398761,0.12100157199565105,0.00832576219650703
2058,0.7437693706688698,0.34675294566825504,0.013596047929738772,0.07450346296440569,2.5978974678543456,2.583289871937323,1.7836725905502564,0.7996172813870666,1.3570414621734816,0.8142248773040892,0.5428165848693924,0.05618681880955428,0.01,0.04028017757147263,1.3298711356510642,0.12100439901217097,0.008321298075593581,0.7442482968227302,0.34685449312611344,0.023009419518471144,0.07455143688143664,2.5996636807568945,2.586433665278644,1.7889694845051722,0.7974641807734717,1.3511569937528707,0.8106941962517222,0.5404627975011485,0.05612665037578936,0.01,0.040298606368707496,1.3303378362181575,0.12103400948358604,0.008325093941753129
2059,0.743671864352418,0.34669152175683354,0.012772722495478395,0.07449369486631387,2.601574761766733,2.583145284082443,1.7839826639368015,0.7991626201456414,1.3626534963832189,0.8175920978299315,0.5450613985532874,0.05617892247511327,0.01,0.04023135734608657,1.3299323593135681,0.12102632340025372,0.008320002349717233,0.7441317124306212,0.3467968103988458,0.020765830909826463,0.07453975775671784,2.6032724932528923,2.5860692532898053,1.7888034107885513,0.7972658425012538,1.3574484707739023,0.8144690824643411,0.5429793883095612,0.05612499727428432,0.01,0.04024772035132089,1.3303506644604473,0.12106478219916467,0.008323746837261385
2060,0.7435589256938367,0.34660636329859235,0.012011989093109562,0.07448238107006645,2.60543082927265,2.5831482252904148,1.784819348689536,0.7983288766008787,1.3676858009718562,0.8206114805831138,0.5470743203887424,0.056162840310836376,0.01,0.04018234672131893,1.330057074375673,0.12104514869737011,0.008318321696857329,0.7440031005401109,0.34671606552591505,0.01850105626990868,0.07452687399291223,2.607056746978108,2.5858754548750147,1.78920355754311,0.7966718973319047,1.36308864905833,0.8178531894349977,0.5452354596233323,0.05611471292393089,0.01,0.040197003967829686,1.3304304806274843,0.12109411096788203,0.008322041016923883
2061,0.7434408039349789,0.346503792774961,0.011308656055083702,0.07447054832106711,2.609470940035461,2.5833156590792394,1.7861548899815611,0.7971607690976783,1.3721934167564995,0.8233160500538999,0.5488773667025997,0.056139333718915066,0.01,0.04013327515270771,1.3302394203736827,0.12106304963243282,0.008316390452345895,0.7438727199349618,0.346618612284581,0.01634174901650562,0.07451381329215967,2.611025379935908,2.585868879233119,1.7901411559828375,0.7957277232502813,1.368140373255118,0.8208842239530706,0.5472561493020475,0.056096571312584845,0.01,0.04014653199493,1.3305713073861287,0.12112284363224476,0.008320111331749546
2062,0.7433084347192995,0.3463790379159701,0.01064299015361364,0.07445728873123328,2.6137232710574883,2.583622949690125,1.7879865743603909,0.7956363753297337,1.3762278278284956,0.8257366966970975,0.5504911311313981,0.05610812924606813,0.01,0.04008345635197056,1.33048158232087,0.12107500510729848,0.008314099977919704,0.7437316102668952,0.3464997415308018,0.014374672071985395,0.07449967818562288,2.6152104703630403,2.586025041570995,1.7916131787326912,0.7944118628383035,1.3726621527172491,0.8235972916303492,0.5490648610868999,0.05607030539099504,0.01,0.04009556754764033,1.3307752698582185,0.12114490199909381,0.008317850529048158
2063,0.7431499940922219,0.3462262438938764,0.010003294698826284,0.07444141786366279,2.6181984580414626,2.5840334712114927,1.7902982694560747,0.7937352017554182,1.379833647642313,0.8279001885853878,0.5519334590569251,0.056069052339509914,0.01,0.04003227511371435,1.3307850019198382,0.12107939364786074,0.008311313299549233,0.7435680816608481,0.3463536858383475,0.012654844402999521,0.07448329766748624,2.619625875822236,2.586307450500695,1.7936029097844959,0.7927045407161993,1.3767049433962342,0.8260229660377403,0.5506819773584939,0.05603575238326006,0.01,0.040043454209382275,1.331043709378085,0.12115802731140975,0.008315123484383043
2064,0.7429617998381913,0.346044952929928,0.009377290219895612,0.07442256684966282,2.6228681485210354,2.5845194427077494,1.7930388794676733,0.7914805632400762,1.3830487817556036,0.8298292690533622,0.5532195127022415,0.056022719496421146,0.01,0.03997972032306073,1.331144997629461,0.12107774710467992,0.008308005042688324,0.7433787106602349,0.34618011503009366,0.01119437946100156,0.07446432878859537,2.6242470055123412,2.5866891082405448,1.7960595747690382,0.7906295334715066,1.3803123845721719,0.8281874307433029,0.552124953828869,0.05599353206111646,0.01,0.03999014206382821,1.3313719092129896,0.12116358045588144,0.008311907840185803
2065,0.7427468753137806,0.3458396746270244,0.008746789447712261,0.07440103847944167,2.6276545467042802,2.585053939416757,1.7961105593747004,0.7889433800420569,1.3859066455492997,0.8315439873295797,0.55436265821972,0.055970658677627266,0.01,0.03992641206750127,1.3315498043563951,0.12107019811094163,0.008304248531279939,0.743166828726597,0.34598367877247677,0.00996291897546521,0.07444310520293956,2.628999993108351,2.5871441751345334,1.7988861324241114,0.7882580427104221,1.3835231011403994,0.8301138606842395,0.5534092404561599,0.05594517048991775,0.01,0.03993621474970402,1.3317481099139303,0.12116186601981717,0.008308280351667138
2066,0.7425180426217283,0.3456180896023963,0.00809513126454442,0.07437811723967827,2.632549286822332,2.5856610498592336,1.7994865544399394,0.7861744954192941,1.388437887303988,0.8330627323823927,0.5553751549215953,0.05591371020773272,0.01,0.03987274923398004,1.3319929869849434,0.12105335299366965,0.008300208797332521,0.7429456259186563,0.3457722229618799,0.008907272751383213,0.07442094825552012,2.633880401043444,2.587698085901757,1.802056907952796,0.7856411779489609,1.3863724884844133,0.8318234930906478,0.5545489953937655,0.05589150580218583,0.01,0.0398820380899714,1.3321658907613936,0.12114993774790703,0.00830441009555409
2067,0.7422803528858528,0.34538183242241144,0.00740741461529798,0.07435430911497715,2.6376077584221624,2.5863674362934157,1.8032042424191324,0.7831631938742833,1.3906725266717173,0.8344035160030302,0.5562690106686871,0.05585151514152025,0.01,0.039818365992555504,1.3324774432656237,0.12102837327749968,0.00829593272931761,0.742720564653888,0.34554755924809477,0.007965772580356953,0.07439840513048374,2.6389477318634555,2.5883791204178257,1.8056107867271458,0.7827683336906801,1.3888949085605167,0.8333369451363098,0.5555579634242068,0.05583217339369943,0.01,0.03982721459661291,1.3326281966665388,0.12112953084236518,0.008300348362305771
2068,0.7420242050915089,0.3451265799237245,0.006707084904452362,0.07432865229103074,2.6428192378080992,2.5871382553514755,1.8072361131763848,0.7799021421750907,1.3926385410528577,0.8355831246317145,0.5570554164211432,0.05578414037719481,0.01,0.0397629423760017,1.3330027693687296,0.1209993604239114,0.008291314490654768,0.7424824982212817,0.34530554403708785,0.007116025485423727,0.07437455952120531,2.6441958683608897,2.58915441862844,1.809522473367668,0.7796319452607723,1.3911223249887033,0.8346733949932218,0.5564489299954815,0.05576722550782379,0.01,0.03977139180866203,1.3331347415704107,0.12110529482703329,0.008295993970231706
2069,0.7417440815536887,0.34485181122244035,0.006026864824037956,0.0743005940933167,2.6481150541254337,2.587929624105108,1.8114994825764588,0.7764301415286492,1.3943592859149587,0.836615571548975,0.5577437143659837,0.05571259167843806,0.01,0.039706768741098464,1.3335612370962193,0.12096912943511216,0.008286318437281906,0.7422264561061465,0.34504585677163885,0.006353074802614794,0.07434891356304088,2.649561556890312,2.5899826812246323,1.8137124965991864,0.7762701846254456,1.3930817671518763,0.8358490602911256,0.5572327068607507,0.055697642098750215,0.01,0.039714825512664476,1.3336780027105282,0.12108052467653604,0.008291316676010654
2070,0.7414318053358752,0.34455584514990056,0.005343444892596527,0.07426931553082407,2.653415234550192,2.5886873639687726,1.8159023948589939,0.7727849691097786,1.3958547328186637,0.837512839691198,0.5583418931274656,0.05563790994680435,0.01,0.0396501436842657,1.3341448167015184,0.12093464430588352,0.008280880291529746,0.741944935192272,0.3447670552095287,0.005626449065861738,0.07432071576091379,2.654971109311684,2.5908130142951222,1.8180931390535702,0.7727198752415523,1.3947966170968564,0.8368779702581138,0.5579186468387426,0.055624428514536764,0.01,0.03965777811550385,1.3342502352803325,0.1210526088968427,0.008286258744040249
2071,0.7410803820833519,0.34423501427877895,0.004651678966532222,0.07423411604602942,2.658727347512819,2.589392443288329,1.820442565982451,0.768949877305878,1.3971413025506132,0.8382847815303678,0.5588565210202454,0.05555987680663162,0.01,0.03959271707962596,1.3347553034764208,0.12089222956853521,0.008274916247665224,0.7416316772773812,0.3444657315325305,0.004913583604340591,0.07428933929650669,2.6604387209127704,2.5916300067431326,1.822666825068549,0.7689631816745834,1.3962864930737025,0.8377718958442215,0.5585145972294809,0.05554732804355318,0.01,0.039599863678981814,1.3348535465142808,0.121018273298428,0.008280743482025276
2072,0.7407001070155302,0.34389403218689957,0.00396390373203076,0.07419602683368245,2.6640877138420405,2.5900819802774646,1.8251482469072073,0.7649337333702574,1.3982324448913888,0.8389394669348331,0.5592929779565556,0.05547844522968604,0.01,0.03953449836887893,1.3353931621622448,0.12084293322871298,0.00826854005291461,0.7412972328920711,0.3441467660035152,0.0042166690686858965,0.07425584093906587,2.66600158762556,2.592471122144321,1.827460870156139,0.7650102519881823,1.3975678624490344,0.8385407174694207,0.5590271449796137,0.05546632043208313,0.01,0.03954108614113418,1.335488205129176,0.12097868269436174,0.00827488806499855
2073,0.7403058543289424,0.3435406216301292,0.003263443559429813,0.07415653765876555,2.669513989856646,2.590798256268017,1.8300286574155256,0.7607695988524914,1.3991422207352007,0.8394853324411202,0.5596568882940804,0.05539401014242305,0.01,0.03947579977931656,1.3360553953240384,0.12079243055641273,0.008261928019829787,0.7409568097224387,0.3438180928683914,0.003513883918861954,0.07422174385917257,2.6716779877362944,2.5933791551572623,1.8324834574641196,0.7608956976931426,1.3986575504536247,0.8391945302721748,0.5594630201814499,0.05538183153411,0.01,0.03948175760284835,1.3361509847738735,0.12093964439791052,0.008268873217282945
2074,0.7399140080392315,0.34318471289305075,0.002554302718788065,0.0741172894872962,2.6749765030008685,2.591570230430822,1.8350448364103609,0.7565253940204613,1.3998861109841798,0.8399316665905078,0.559954444393672,0.05530772026500845,0.01,0.039417358758122426,1.3367330694633148,0.1207443971932457,0.008255292947314481,0.7406271128436112,0.34348985864984277,0.0028068859475365443,0.07418872118338124,2.6774383432193614,2.594383401642999,1.837694189666046,0.756689211976953,1.3995735892555257,0.8397441535533154,0.5598294357022102,0.055295045721301464,0.01,0.03942261959933564,1.3368326847179564,0.12090494304473871,0.00826291615134169
2075,0.739548170578182,0.34284257615460173,0.0018947356672023297,0.07408064646353452,2.6803611176787854,2.5924150868261426,1.840072420830856,0.7523426659952868,1.4004811614132158,0.8402886968479294,0.5601924645652864,0.05522221683008739,0.01,0.039360823233733244,1.3374054602744223,0.12069877503154149,0.008248967281270166,0.7403320713076248,0.34317856494402527,0.0021529084037955476,0.07415916977359127,2.6831680553020445,2.595501235779533,1.842966826239889,0.7525344095396438,1.4003353817702593,0.8402012290621556,0.5601341527081037,0.05520864460514948,0.01,0.03936532854714661,1.3375122728352236,0.12087455205156719,0.008257353963924368
2076,0.7392226801707114,0.34252444174318947,0.001344162631537943,0.07404804497197366,2.685591763789684,2.5933387460326154,1.845023445180635,0.7483153008519804,1.4009471976817485,0.8405683186090489,0.5603788790726996,0.05513928745590978,0.01,0.03930722240027799,1.3380584598678766,0.12065877272779217,0.008243157747853076,0.7400864500779881,0.3428947115508663,0.0016110119247396137,0.07413456876040009,2.6887910160964434,2.5967392186829894,1.8482120538114342,0.748527164871555,1.4009649371416821,0.8405789622850093,0.5603859748566729,0.0551244522435571,0.01,0.03931092249388002,1.338175363281358,0.12085176276663655,0.008252399043787864
2077,0.7389414642612767,0.3422333463132858,0.000912616771653163,0.07401987850811603,2.690648123764912,2.594339691795696,1.8498652514773068,0.7444744403183894,1.401304787146009,0.8407828722876052,0.5605219148584037,0.0550595504925521,0.01,0.03925679296418348,1.3386871137108118,0.12062454566998737,0.008237924284104383,0.7398945812193062,0.34264157180728033,0.0011910609142537776,0.07411535216943853,2.694287505635617,2.5980966735667654,1.853396584270218,0.7447000892965474,1.4014848689423318,0.8408909213653991,0.5605939475769327,0.05504311307354436,0.01,0.0392596419007917,1.3388168045475128,0.12083678671911982,0.008248116452085745
2078,0.7386876925388417,0.3419618248888065,0.0005699945103457421,0.07399446112147527,2.6954876484322585,2.595354458482415,1.8545437364476283,0.740810722034787,1.4015731866410506,0.8409439119846301,0.5606292746564204,0.054983182904350364,0.01,0.03920925199644947,1.3392899323035152,0.12059199223310865,0.008233083879774958,0.7397401353378178,0.3424119600350142,0.0008628980624853094,0.07409988422601933,2.6996157975954613,2.59951133308914,1.8584659861076012,0.7410453469815388,1.4019163524797669,0.84114981148786,0.5607665409919068,0.054964829112962674,0.01,0.03921120987231237,1.339434917101961,0.120825610919079,0.008244329354344822
2079,0.7384384702547458,0.3416994533895561,0.0002811860352928547,0.07396949940859346,2.700054713362355,2.596300145416381,1.85899479562676,0.7373053497896209,1.4017665295593253,0.841059917735595,0.5607066118237304,0.05491027814916247,0.01,0.03916422690128274,1.339866083492074,0.12056033034046215,0.00822838395723941,0.7396006340305907,0.3421957125336437,0.0005913631322535806,0.07408591323063929,2.704720110505574,2.6009009416403917,1.8633549047379887,0.737546036902403,1.4022753429459758,0.8413652057675853,0.5609101371783904,0.05488972860454283,0.01,0.03916526519967489,1.3400286001442523,0.12081752688190803,0.00824079067638858
2080,0.7381811794482376,0.3414401649462829,2.880946198226264e-05,0.07394372944797575,2.7043298812132783,2.5971349288507204,1.863193969642202,0.7339409592085187,1.4018931859517945,0.8411359115710765,0.560757274380718,0.05484072392935546,0.01,0.03912141861822961,1.3404163644801441,0.1205312513923994,0.008223681234315076,0.7394638180133931,0.34198705221836867,0.00035902094819297015,0.07407221118892873,2.7095786935577304,2.6022234166853764,1.8680355360874161,0.73418788059796,1.4025719291171905,0.8415431574703142,0.5610287716468764,0.0548177620623394,0.01,0.03912153554282401,1.3405981588055433,0.12081427948808547,0.008237362736805096
2081,0.7379290832862434,0.34119098620900384,-0.0002046132919886201,0.07391847978457056,2.7083183105629214,2.597894123235395,1.8671433356918536,0.7307507875435414,1.4019582914517799,0.8411749748710677,0.5607833165807121,0.054774962417903944,0.01,0.03908121613571231,1.340937186628605,0.12050264737885837,0.008219135446672432,0.7393431149534009,0.34179323694065694,0.00014830705901536234,0.0740601231222649,2.7141927306958076,2.6035127286524764,1.8725050137189982,0.7310077149334784,1.402812861628016,0.8416877169768094,0.5611251446512066,0.05474944942309291,0.01,0.03908044243214568,1.3411393894476404,0.12081378471673687,0.008234209133156933
2082,0.7377070577320399,0.3409641794382873,-0.00041512268554498577,0.07389624217584626,2.712060315573553,2.5986555580792006,1.8708789226949603,0.7277766353842401,1.4019689881309885,0.8411813928785928,0.5607875952523956,0.05471337545505804,0.01,0.03904412059983579,1.3414254301212205,0.12047925367797471,0.008215033952214719,0.7392633668125841,0.3416267056938166,-3.6940145865277385e-05,0.07405213738058117,2.7185966670757704,2.6048441892190644,1.876792606691954,0.7280515825271101,1.4030067673063609,0.8418040603838164,0.5612027069225445,0.05468526887112778,0.01,0.03904252754655107,1.3416484064159917,0.1208207667785314,0.008231619375597255
2083,0.7375312649935263,0.3407672017859857,-0.0005747913361383028,0.07387863550531362,2.71560342683858,2.599476028219483,1.8744415686663938,0.725034459553089,1.4019364302869772,0.841161858172186,0.5607745721147912,0.05465596632871434,0.01,0.039010274367112546,1.3418809744729885,0.12046545850265444,0.008211556877714955,0.7392404005404561,0.3414950029282718,-0.00016902833351829794,0.074049839263048,2.7228295661908537,2.606270386566896,1.8809298880287844,0.725340498538112,1.4031661302701157,0.8418996781620693,0.5612664521080464,0.05462534483367796,0.01,0.0390079845998303,1.3421241241102937,0.1208394904444276,0.008229773050755073
2084,0.7373974106027554,0.3405980669430276,-0.00066521106891268,0.07386522952207245,2.718944109178026,2.6003401439861857,1.8778198726137965,0.7225202713723893,1.40187372760705,0.8411242365642297,0.5607494910428203,0.054602744794672635,0.01,0.03897952727699285,1.3423036539016506,0.1204592704254896,0.008208656676818624,0.7392693844905069,0.3413961400247663,-0.00022982039152026623,0.0740527447077919,2.7268786444832065,2.607770955626184,1.8848955284757318,0.7228754271504518,1.4033051933457912,0.8419831160074746,0.5613220773383166,0.05456980871509731,0.01,0.03897671480483729,1.3425654040642754,0.12086780368485746,0.008228619884208685
2085,0.7372909538968445,0.34045051408179017,-0.0006843543863718771,0.07385456768614045,2.722035606563784,2.6011906923488795,1.8809604888472633,0.720230203501616,1.4017918628608685,0.8410751177165208,0.5607167451443478,0.05455394460739794,0.01,0.03895172822833477,1.3426915275551907,0.1204557352577236,0.008206177749914003,0.7393351249690744,0.3413238016825148,-0.0002175507762864487,0.07405933175837605,2.7306874020208833,2.609283270367229,1.8886258877822386,0.7206573825849905,1.4034358570644083,0.8420615142386448,0.5613743428257635,0.05451901469545286,0.01,0.03894861870883001,1.3429693386261619,0.12090059282605807,0.00822800028929112
2086,0.7372068628250934,0.34032295078961605,-0.0006449789974766751,0.0738461459986704,2.724843473887812,2.602000546468064,1.883824699198703,0.7181758472693611,1.4016979578151822,0.841018774689109,0.5606791831260732,0.05450993301215139,0.01,0.03892695980798456,1.343041593584416,0.12045463188514312,0.008204073982147331,0.7394317445221197,0.34127625942554807,-0.0001452859236823617,0.0740690117289507,2.7342107590320537,2.610774012331852,1.8920711919707989,0.718702820361053,1.4035659451020916,0.8421395670612548,0.5614263780408368,0.05447345295549649,0.01,0.0389238307813292,1.3433319362063874,0.12093743254908679,0.008227862128409189
2087,0.7371433226266465,0.3402146179340469,-0.0005403315295890998,0.07383978272342995,2.727363121759557,2.6027620725661644,1.8864046421772984,0.7163574303888661,1.4015974659704318,0.8409584795822587,0.5606389863881731,0.0544707521599201,0.01,0.038905182027763614,1.3433534382870613,0.12045627048602851,0.008202326474330123,0.7395563703869505,0.34125255974235225,-6.6591801935744765e-06,0.07408149689990878,2.737431425124241,2.612228107737029,1.89521059589359,0.7170175118434388,1.4037013820510853,0.842220829230651,0.5614805528204343,0.0544333083521873,0.01,0.038902372487628505,1.3436516357524328,0.12097834161189787,0.00822817863930972
2088,0.7370980006834992,0.34012447134801277,-0.00040518872186570687,0.07383524422027132,2.729589748752549,2.603466407501187,1.8886927783490786,0.7147736291521084,1.4014949506724514,0.8408969704034706,0.5605979802689809,0.05443642039862242,0.01,0.03888634129084764,1.3436268452285822,0.12046033225268342,0.008200909932677417,0.7397053223482412,0.3412513402728338,0.00016316058146007006,0.07409641863823796,2.740330660918535,2.6136281054369874,1.8980224883868368,0.7156056170501504,1.4038469542194976,0.8423081725316983,0.5615387816877992,0.05439874600062905,0.01,0.03888425197431465,1.3439270403776538,0.1210227189428813,0.008228913575184106
2089,0.7370625636278695,0.34004788595158114,-0.00029253484047911393,0.07383169573229982,2.731530901510027,2.6040936644079578,1.8906944560689847,0.7133992083389733,1.4013940757350711,0.8408364454410423,0.5605576302940288,0.054406552286740274,0.01,0.03887008533508718,1.3438648242728335,0.12046564505443715,0.008199721564810785,0.7398683100523129,0.3412674943519363,0.00031069284375523365,0.07411274615205742,2.7428962640451275,2.614941911511156,1.9004925020188996,0.7144494094922562,1.4040062700437137,0.842403762026228,0.5616025080174857,0.05436958585742523,0.01,0.0388692051798606,1.3441595139325995,0.12106902257295277,0.008229947958506699
2090,0.7370298751701678,0.3399803257922182,-0.00022414968144833514,0.07382842243257073,2.7332122100277263,2.604634017775507,1.8924342768772113,0.712199740898296,1.401296555250859,0.840777933150515,0.560518622100344,0.05438053126548696,0.01,0.03885596473889073,1.3440722414312178,0.1204706489990409,0.008198665740660707,0.7400353791182153,0.34129582055523056,0.0004134146570647923,0.07412948232409705,2.745124274590183,2.616141785835975,1.9026159014206145,0.7135258844153605,1.4041806219492816,0.8425083731695687,0.5616722487797129,0.05434552274380777,0.01,0.038856920350536416,1.34435143213059,0.12111507800504746,0.00823116320721451
2091,0.7370014094446167,0.3399208035009429,-0.00017298047086955481,0.07382557203846879,2.734695300222431,2.605113408160615,1.8939737546175683,0.7111396535430463,1.4012025760081048,0.8407215456048625,0.5604810304032424,0.05435753029097189,0.01,0.03884354249121967,1.3442556555436795,0.12047610020199921,0.008197736979075793,0.7402044198101573,0.34133445191571626,0.0004974463371658078,0.07414641587472166,2.7470396310586827,2.617231309082986,1.9044180619865942,0.7128132470963919,1.4043692817868145,0.8426215690720885,0.561747712714726,0.05432611085368125,0.01,0.038847129241225506,1.3445063065120952,0.12116082697923661,0.008232524205063811
2092,0.7369736690801394,0.33986573830023287,-0.0001355787019428345,0.0738227942300484,2.7360397117467445,2.605544003973644,1.8953721600256823,0.7101718439479617,1.4011125862017713,0.8406675517210622,0.560445034480709,0.054336573600505436,0.01,0.038832229023301426,1.3444228255078108,0.12048162913912012,0.008196870488986777,0.740368126753186,0.34137881314863344,0.0005653225965905062,0.07416281503574541,2.7486646561999355,2.6181996413392796,1.9059219401766978,0.7122777011625817,1.4045711933720633,0.8427427160232377,0.5618284773488256,0.05431075058086049,0.01,0.03883940978208511,1.3446288890579539,0.12120507479246141,0.008233933881046096
2093,0.7369485092538588,0.33981478540675397,-0.00011062951851624481,0.07382027478093312,2.7372917054950126,2.605947332153426,1.8966759106709208,0.7092714214825054,1.4010263247068206,0.8406157948240918,0.5604105298827289,0.054317065953033074,0.01,0.03882172309636103,1.3445784857399632,0.12048722239284017,0.008196071107202569,0.7405240041255562,0.3414273727037506,0.0006173327607309209,0.074178429742047,2.750004619289251,2.6190426479488087,1.9071342084184741,0.7119084395303346,1.404784018117962,0.842870410870777,0.5619136072471851,0.054299250339817924,0.01,0.038833640013194046,1.3447206859114944,0.12124685687645159,0.00823535952681919
2094,0.736924589859102,0.3397667697753833,-9.861651365777879e-05,0.07381787937114663,2.7384672165398682,2.606325593149544,1.897900871143246,0.7084247220062982,1.4009439089943716,0.8405663453966223,0.5603775635977493,0.05429873116729661,0.01,0.03881185318845895,1.3447248304316264,0.12049122851516676,0.00819531660593854,0.7406657171774156,0.3414775293529996,0.0006518408013257426,0.0741926253629376,2.751030438263317,2.6197338728244524,1.9080273320093042,0.7117065408151482,1.4050051770900216,0.8430031062540126,0.562002070836009,0.05429176437114559,0.01,0.03882983863014838,1.3447804490429145,0.12128343313589031,0.008236734969822987
2095,0.7368984219413905,0.33972012049644784,-9.833276871158703e-05,0.07381525847019066,2.739555807154324,2.606665949903034,1.8990366930534264,0.7076292568496079,1.4008651901681637,0.8405191141008976,0.560346076067266,0.054281587818393914,0.01,0.038802583243873576,1.3448617032350567,0.12049411007703753,0.008194568709643234,0.74078404009373,0.3415260122680562,0.0006687007636927839,0.07420447771201047,2.7516819723869497,2.6202283479598942,1.9085432850001132,0.7116850629597811,1.4052311456447282,0.8431386873868366,0.5620924582578916,0.05428877417744693,0.01,0.038828172753299375,1.3448043227876227,0.12131396977756062,0.008237970631964773
2096,0.7368629621585157,0.33967170419248266,-0.000111005132896011,0.07381170656424009,2.7405348430295544,2.606942039782501,1.900061220237428,0.7068808195450728,1.4007893713202115,0.8404736227921263,0.5603157485280852,0.0542656918337307,0.01,0.038793854037478925,1.3449886498262296,0.12049379813983721,0.008193750621949944,0.7408663448263128,0.3415679094314881,0.0006653886005306558,0.07421272186187433,2.7518920428142115,2.620470000739637,1.9086178435953736,0.7118521571442633,1.4054569986980638,0.8432741992188381,0.5621827994792258,0.054290725876430766,0.01,0.038828753397870466,1.3447887403227492,0.12133509275459735,0.00823893811932531
2097,0.7368303994726942,0.3396284150308338,-0.00013116321267589437,0.07380844466355573,2.7413900819867996,2.6071809879375536,1.900961443787815,0.7062195441497388,1.4007143969983085,0.8404286381989845,0.560285758799324,0.054251675072127914,0.01,0.0387861965816583,1.3451006149625515,0.12049245397672897,0.008193014765585259,0.7409197441258337,0.341608363138703,0.0006463450018300981,0.07421807034563291,2.751610086216216,2.620460683079523,1.9082045436090618,0.7122561394704612,1.405675904345257,0.843405542607154,0.562270361738103,0.054298536784233464,0.01,0.038832233508012556,1.3447263822946798,0.12134784821287203,0.008239741127567233
2098,0.7368101509453844,0.33959518034657205,-0.0001533837593771653,0.07380641611212282,2.742125612681483,2.6074087343340064,1.90174117276251,0.7056675615714967,1.4006407331982895,0.8403844399189732,0.5602562932793164,0.05423982864000844,0.01,0.038779897357322624,1.3451952627544386,0.12049258202451552,0.008192473641322074,0.7409488303365582,0.34165044750928003,0.0006160476316544733,0.07422098322343379,2.7508118818606775,2.620204719291568,1.907282042683894,0.712922676607674,1.4058830652946397,0.8435298391767836,0.5623532261178561,0.05431267874157529,0.01,0.038838969866720766,1.3446134999509276,0.12135367095093468,0.008240443305832323
2099,0.7368018726426812,0.3395714202879317,-0.00017663503205027353,0.07380558649065705,2.742756480075748,2.6076293103568338,1.9024141269408985,0.7052151834159353,1.4005705885580837,0.8403423531348496,0.5602282354232341,0.054229944125494554,0.01,0.03877482073792839,1.345274249102673,0.12049408747467143,0.008192117885808993,0.7409486609682893,0.34169158504212566,0.0005746833818478098,0.07422096544830414,2.749493234046862,2.6196884720344036,1.9058482121293894,0.713840259905014,1.4060750365291217,0.8436450219174727,0.562430014611649,0.054333006292396256,0.01,0.03884883767188892,1.3444512873165968,0.121351476493961,0.008240985632902922
2100,0.7367986272449855,0.3395527558336238,-0.00020301739954195486,0.0738052609228669,2.743307027109614,2.6078329499742807,1.9030034958069832,0.7048294541672976,1.4005058855043853,0.8403035313026306,0.5602023542017547,0.05422143591977521,0.01,0.03877053451221109,1.3453422472568495,0.120493832542638,0.00819185476163385,0.7409084907117801,0.3417254912925442,0.0005190361051284897,0.07421694070912058,2.7476705870106555,2.6188907199134652,1.9039219199345452,0.7149687999789202,1.4062477784601843,0.8437486670761103,0.562499111384074,0.05435886802603309,0.01,0.03886135681917709,1.3442449866449813,0.1213367999413594,0.00824123089876679
2101,0.7367975114293923,0.33953664298030817,-0.00023032657689621427,0.07380514860308504,2.7438119685579383,2.6080244773509946,1.9035437468796426,0.7044807304713518,1.4004470361304941,0.8402682216782958,0.5601788144521983,0.05421370621630664,0.01,0.03876666556445775,1.3454040314114568,0.12049325586813761,0.008191636052540396,0.740827122693451,0.34174901385922574,0.0004522991009066196,0.07420878913618087,2.7454281663699267,2.6178399015619216,1.9015907980602844,0.7162491035016373,1.4063956138494043,0.8438373683096423,0.562558245539762,0.05438898781768826,0.01,0.038875842862717086,1.3440048241497264,0.12131153498030177,0.008241131311672612
2102,0.7367983581334291,0.33952207531561335,-0.00025711083097738896,0.07380523279211096,2.744303115948557,2.6082149432167236,1.9040668001351397,0.7041481430815839,1.4003938596890295,0.8402363158134171,0.5601575438756125,0.05420629430488526,0.01,0.03876295812308321,1.34546328244133,0.12049361346507997,0.008191447614221616,0.7407079848240441,0.3417609693753727,0.0003773334726384081,0.07419685409611484,2.74286791513545,2.6165828171229757,1.8989599916697184,0.7176228254532573,1.4065132057762195,0.8439079234657315,0.562605282310488,0.054422009063572356,0.01,0.0388916277834033,1.3437416563928015,0.12127780251264376,0.008240688396160063
2103,0.7368009563575115,0.33950800170746376,-0.0002842889343222521,0.07380549234368321,2.7448130228174175,2.6084155552636377,1.9046053257581312,0.7038102295055062,1.400346161765478,0.8402076970592861,0.5601384647061919,0.05419872738577038,0.01,0.03875914915366801,1.3455237796901136,0.12049427988044249,0.008191274484087343,0.740556432243017,0.34176073400959234,0.00029496639201172237,0.07418167199663092,2.740108761841038,2.6151771334047593,1.8961509204519387,0.7190262129528204,1.406596402315166,0.8439578413890995,0.5626385609260666,0.0544564113642344,0.01,0.03890797181755527,1.3434676262956518,0.1212361661667952,0.008239920834545965
2104,0.7368085194992278,0.33949605191748494,-0.0003118379887505768,0.07380624911697681,2.745344677356831,2.6086358220497208,1.905162440978717,0.7034733810710039,1.4003037272968575,0.8401822363781138,0.5601214909187436,0.054191079448576304,0.01,0.0387553249269769,1.3455849319484714,0.1204951571065532,0.008191154357523038,0.7403826049106902,0.34175083558945873,0.00020752748563873658,0.07416425852156182,2.737249838301769,2.613685562781482,1.8932643477758757,0.7204212150056065,1.4066424842098226,0.8439854905258934,0.5626569936839292,0.05449113757823277,0.01,0.038924447610100596,1.3431911651725232,0.12118832634725649,0.008238913056066936
2105,0.7368200296765822,0.3394863030373093,-0.0003394063793807772,0.07380740117901047,2.745876677366555,2.6088652934295573,1.9057164934033404,0.7031488000262169,1.4002669732720252,0.8401601839632146,0.5601067893088106,0.05418362128865448,0.01,0.03875161839668623,1.3456445738067941,0.12049681786646933,0.00819108314425684,0.740192931899514,0.3417325142926233,0.00011761692312556304,0.07414525768865564,2.7343672358881723,2.612152356720408,1.8903766774550494,0.7217756792653583,1.4066509307218718,0.8439905584331229,0.5626603722887489,0.05452533750980218,0.01,0.038940676980874576,1.3429190401459552,0.12113670336250454,0.008237713853249359
2106,0.7368337733320421,0.3394776404839242,-0.00036649088417814446,0.07380877697572001,2.7464160205931245,2.609101976796201,1.906274371643101,0.7028276051530999,1.4002360815833736,0.8401416489500236,0.56009443263335,0.054176191835084715,0.01,0.03874791579375409,1.3457039930190493,0.12049897114762603,0.008191037494714663,0.7399938220105199,0.3417065105913816,2.8183013044275063e-05,0.0741253115503033,2.7315546754453632,2.6106277617945945,1.8875811786190078,0.7230465831755869,1.4066224947105928,0.8439734968263555,0.5626489978842373,0.05455791609660763,0.01,0.03895613825524408,1.342659950861738,0.12108307239937809,0.008236365390345526
2107,0.7368467784318314,0.33946827387010303,-0.0003921164709558833,0.07381007883611063,2.746969590768862,2.609340629106407,1.9068430565539873,0.7024975725524195,1.400210890358125,0.8401265342148745,0.5600843561432505,0.05416858241765646,0.01,0.03874406231576143,1.345764858699512,0.12050114776471456,0.008190978796864538,0.7397893376438812,0.34167257640735893,-5.7728265996023764e-05,0.07410482706427853,2.7288971780750777,2.6091525098601522,1.8849617352221584,0.7241907746379941,1.4065590714215324,0.8439354428529193,0.562623628568613,0.05458782241400345,0.01,0.03897029484780476,1.3424222292263595,0.12102887037642249,0.008234885020775858
2108,0.7368595065953533,0.33945859329817685,-0.0004138494574453394,0.07381135301583497,2.7475319775467866,2.609580661209228,1.9074175640121709,0.7021630971970569,1.4001906892243603,0.8401144135346157,0.5600762756897446,0.054160880970599706,0.01,0.03874011802032431,1.3458264678744019,0.12050352331565553,0.008190914529221056,0.7395857026924161,0.34163242619747247,-0.0001362028719528452,0.0740844276965294,2.726452111455745,2.6077629045679744,1.8825742283967153,0.7251886761712592,1.4064631384317168,0.84387788305903,0.5625852553726868,0.05461448001878019,0.01,0.0389828981654065,1.342210424547581,0.12097575592212886,0.00823332687745549
2109,0.7368733427353735,0.3394487584391727,-0.00042909184972318715,0.07381273826394348,2.7481231039541036,2.6098329789782895,1.9080181480210792,0.7018148309572103,1.4001749265550414,0.8401049559330245,0.5600699706220169,0.054152850475764194,0.01,0.03873597454134116,1.3458907172315255,0.12050635691991489,0.008190853752829144,0.7393878276586324,0.3415868397794518,-0.00020393243088356883,0.07406460535305917,2.7242854008543476,2.606494688778349,1.8804825359942852,0.726012152784064,1.406338108100104,0.8438028648600624,0.5625352432400417,0.05463714857788861,0.01,0.038993584877210906,1.342030383503857,0.12092492669984166,0.008231726176539472
2110,0.7368900048690116,0.3394390815147604,-0.0004365054277202518,0.0738144066294901,2.7487639840066356,2.6101096824315153,1.9086659625950806,0.7014437198364345,1.4001633690192585,0.8400980214115549,0.5600653476077037,0.0541442536080876,0.01,0.038731525532127234,1.3459595068964278,0.12051009834414811,0.008190809216256166,0.7392004946356129,0.3415369540638215,-0.00025894727507085047,0.0740458390129653,2.722448552927591,2.6053779604096974,1.8787357622004506,0.7266421982092468,1.4061879845452336,0.8437127907271401,0.5624751938180935,0.0546552925213538,0.01,0.039002098742080236,1.3418863242047778,0.12087769592878518,0.008230122184450206
2111,0.7369100749033027,0.3394305642747252,-0.00043620316756887156,0.07381641632736755,2.7494306358127014,2.6104036322098203,1.9093369559872349,0.7010666762225854,1.4001561330424448,0.8400936798254667,0.5600624532169781,0.05413545413012126,0.01,0.03872697936619428,1.3460299273719643,0.12051508447692992,0.008190797097743197,0.7390261126769245,0.3414842971903047,-0.0003011904223441525,0.07402836992122032,2.7209358250609395,2.604415948696872,1.8773254570180535,0.7270904916788186,1.4060172800714767,0.843610368042886,0.5624069120285907,0.05466911217183648,0.01,0.039008552783560045,1.3417766262256206,0.12083489183474873,0.008228547276281953
2112,0.7369308309068037,0.339423305174126,-0.0004298468965054647,0.07381849470755034,2.750069009192889,2.610688218881637,1.9099769488109923,0.7007112700706448,1.4001534339698278,0.8400920603818965,0.5600613735879313,0.05412712211760991,0.01,0.038722668401488185,1.3460966157499583,0.12052085703579883,0.008190805050041813,0.7388630945971477,0.34142938575208076,-0.00033240975634732384,0.07401203910247335,2.719702457127916,2.6035874378690655,1.8762041490441492,0.7273832888249164,1.4058305134729443,0.8434983080837666,0.5623322053891777,0.05467922205094337,0.01,0.03901323278219649,1.3416963907053652,0.12079631139900555,0.008227000267471082
2113,0.7369491718733341,0.3394168840980783,-0.0004190137993877463,0.07382033122927341,2.7506357209435466,2.6109397985404494,1.910542751876464,0.7003970466639854,1.4001549484451379,0.8400929690670826,0.5600619793780552,0.05411975692327729,0.01,0.038718829323454745,1.3461555730748485,0.12052663931758469,0.00819081196548474,0.7387091332124023,0.34137222369502973,-0.0003543971093719761,0.07399661554249751,2.7187076968251604,2.6028709414176774,1.8753288267656958,0.7275421146519817,1.4056314500991078,0.8433788700594647,0.5622525800396432,0.0546861488158331,0.01,0.039016371036218564,1.3416414247678308,0.12076128327866964,0.008225469564598548
2114,0.7369624054656699,0.3394102527223161,-0.0004053627984278302,0.07382165629285893,2.7511165639399784,2.611146417983731,1.911020686186044,0.7001257317976869,1.4001597962565575,0.8400958777539345,0.560063918502623,0.05411345323592512,0.01,0.038715484391922225,1.3462060385822334,0.12053169006746106,0.008190790468382312,0.7385618467021347,0.34131206226276295,-0.0003690946612469742,0.07398186075642918,2.7179350268752227,2.6022536631511883,1.8746812026354904,0.7275724605156981,1.4054230403995538,0.8432538242397322,0.5621692161598216,0.0546900643062585,0.01,0.039018008734204274,1.341610356797482,0.12072910230562069,0.0082239332939573
2115,0.7369706716080666,0.33940320587613215,-0.0003895601051522313,0.0738224839594353,2.751520502180944,2.611311949512879,1.911420497979317,0.6998914515335621,1.4001666736693787,0.8401000042016272,0.5600666694677515,0.05410807722775569,0.01,0.038712570880752986,1.3462490812870114,0.12053585652039867,0.008190738550344145,0.7384217385733668,0.34124911263925023,-0.00037741652784618884,0.07396782523685269,2.71738776412274,2.6017376307852644,1.8742632717829377,0.7274743590023268,1.4052074872330043,0.8431244923398025,0.5620829948932018,0.054690955825562756,0.01,0.0390181302601763,1.3416032831648064,0.12069963115850038,0.00822239679443892
2116,0.7369739111084707,0.3393952779524244,-0.00037209442533592263,0.07382280829022603,2.7518619647444176,2.6114416804779172,1.9117573043996334,0.6996843760782839,1.4001744339079736,0.8401046603447841,0.5600697735631894,0.0541034115758599,0.01,0.03870997594865258,1.3462864394969054,0.12053906452921082,0.008190649751954566,0.7382884389432863,0.3411830303081919,-0.00038026980722472015,0.07395447193578863,2.7170722224838926,2.601323697262976,1.8740801011807067,0.7272435960822692,1.4049868688386435,0.842992121303186,0.5619947475354575,0.05468873559328067,0.01,0.03901666729447133,1.341620899369442,0.12067266800145646,0.00822085367177091
2117,0.7369733654421808,0.3393865320547479,-0.00035279442786960435,0.07382275360459198,2.7521612718252446,2.6115463917974497,1.912052051648573,0.6994943401488767,1.4001820336277857,0.8401092201766714,0.5600728134511143,0.054099204216016106,0.01,0.03870758441933979,1.3463201304666494,0.12054150674246031,0.008190531135573196,0.7381633116606251,0.3411143272544623,-0.0003777200648625162,0.07394193744318085,2.716997057455098,2.601018147742721,1.874139266242696,0.7268788815000251,1.4047629853540038,0.8428577912124022,0.5619051941416016,0.05468334347619782,0.01,0.039013592478221504,1.3416636851414,0.12064835613143844,0.008219317550783518
2118,0.736971073520371,0.33937762962014656,-0.0003312464449384961,0.07382252406618472,2.7524329628412745,2.6116367905953295,1.9123197010218616,0.6993170895734677,1.4001887696990214,0.8401132618194128,0.5600755078796086,0.054095317644145574,0.01,0.038705352922685454,1.3463512546561711,0.1205435799532271,0.008190401686255868,0.7380481356017617,0.341043973609086,-0.00036965773203928576,0.07393039988702457,2.7171628231264235,2.600825427771759,1.8744401935059503,0.7263852342658084,1.4045377160341221,0.8427226296204733,0.5618150864136489,0.05467485170730686,0.01,0.03900895636858762,1.341731073558384,0.12062697697541495,0.008217810162477449
2119,0.7369690137849659,0.3393698909486138,-0.00030708075433921733,0.07382231777269581,2.752667752380871,2.6117147481884464,1.9125511143620773,0.6991636338263694,1.40019439669799,0.840116638018794,0.560077758679196,0.05409195458106689,0.01,0.038703422373778246,1.3463781880436372,0.12054569571890292,0.008190288816082893,0.7379445123073454,0.3409735922273715,-0.00035602536541304297,0.07392001962421516,2.7175442812522075,2.60074022568651,1.8749564271351808,0.7257837985513292,1.4043130901950445,0.8425878541170266,0.5617252360780178,0.054663697204249594,0.01,0.03900300683380473,1.3418196062695653,0.12060879063354878,0.00821636090142687
2120,0.7369673561581132,0.3393639851132112,-0.00028131647865053955,0.07382215170783996,2.752845568440125,2.6117734457923776,1.9127261266517241,0.6990473191406533,1.4001990696473345,0.8401194417884008,0.5600796278589337,0.05408940770025529,0.01,0.03870195605828908,1.346398585904085,0.12054785523681028,0.008190202245487074,0.737852110387965,0.34090412658702657,-0.00033815690881472404,0.0739107634338671,2.718103940070321,2.6007477586671777,1.8756491969619593,0.7250985617052184,1.404091238513936,0.8424547431083615,0.5616364954055744,0.05465042341558307,0.01,0.03899602302422653,1.3419249796796544,0.12059362307584837,0.00821498044693178
2121,0.7369653399144178,0.33936004136967796,-0.00025583862178486794,0.0738219496739606,2.7529478124413673,2.611804163083389,1.9128260362297818,0.6989781268536073,1.4002029603526427,0.8401217762115857,0.560081184141057,0.05408791453821581,0.01,0.03870107396897232,1.3464105449486343,0.12054980180700453,0.00819013987826957,0.7377695645850627,0.34083596046626086,-0.00031825365588880605,0.07390249457196033,2.7188043469028975,2.600830616043227,1.876479937521144,0.7243506785220828,1.4038740156362557,0.8423244093817533,0.5615496062545023,0.05463553349451154,0.01,0.03898824965966086,1.3420432086099958,0.12058101907512701,0.008213666894986843
2122,0.7369625443967579,0.3393578598178609,-0.00023199276807688018,0.07382166955780785,2.752973610860713,2.611805485164634,1.9128499635200424,0.698955521644592,1.4002060789011177,0.8401236473406707,0.560082431560447,0.054087472006713495,0.01,0.03870076862264763,1.3464140893201102,0.12055131625660989,0.008190096959409754,0.7376957454587265,0.34076918786361937,-0.0002979720361704352,0.07389509993346274,2.7196221869052994,2.600977175980727,1.8774244880990243,0.7235526878817031,1.4036628313437922,0.8421976988062753,0.561465132537517,0.05461933307627549,0.01,0.03897982910791832,1.3421718742922137,0.12057053439251585,0.008212415734873215
2123,0.7369572352913034,0.3393568980700649,-0.00021113405066745805,0.07382113763902629,2.7529094837018944,2.6117680475361205,1.9127844710340605,0.69898357650206,1.40020835444639,0.840125012667834,0.5600833417785559,0.0540882070419749,0.01,0.03870108724844197,1.346408202175713,0.12055203675284983,0.008190057611245884,0.7376281212795424,0.34070353369155404,-0.0002789653025611072,0.07388832592387314,2.7205206906255603,2.6011673956194143,1.8784454467176177,0.7227219489017966,1.403458739846571,0.8420752439079425,0.5613834959386285,0.05460226604186368,0.01,0.03897096332020832,1.342307457865812,0.1205615762440331,0.00821121051424726
2124,0.7369484230333809,0.3393562595416038,-0.0001945975163735042,0.0738202548403929,2.7527680026930015,2.6116938805250567,1.9126423664687422,0.6990515140563144,1.4002093937070985,0.8401256362242593,0.5600837574828392,0.05408990126409481,0.01,0.03870189826356825,1.3463946328558367,0.12055165355998279,0.008190004992363976,0.7375649331621996,0.34063843649185,-0.0002628391020184917,0.0738819964048852,2.721486992194874,2.6013919629153897,1.8795296668518577,0.7218622960635318,1.403262208905027,0.8419573253430161,0.5613048835620109,0.054584457147382574,0.01,0.03896169328267601,1.3424489733449065,0.12055359667004753,0.008210034935114864
2125,0.7369371809851877,0.33935526100893393,-0.00018296104748910524,0.07381912869383582,2.7525926895932913,2.6116015748521475,1.9124674967656525,0.699134078086495,1.400208654712731,0.8401251928276389,0.5600834618850922,0.05409197143763912,0.01,0.03870289713608741,1.3463780529670908,0.12055028778002484,0.008189935425640324,0.7375061644379561,0.3405734400106858,-0.00025050092504556865,0.07387610971935,2.7225366897216516,2.6016564252874588,1.8806926945324465,0.7209637307550121,1.4030733253153422,0.8418439951892053,0.561229330126137,0.0545656842569263,0.01,0.03895189540080864,1.3425981915805687,0.12054642281044922,0.008208882895204142
2126,0.7369256211717853,0.3393538207581519,-0.00017614942524303567,0.0738179707052207,2.7524256175531314,2.611511853644268,1.9123021053759452,0.6992097482683226,1.4002058536286432,0.8401235121771862,0.5600823414514571,0.05409389533891704,0.01,0.03870382540813137,1.3463626450452297,0.12054842644743959,0.008189858411346191,0.7374527375222727,0.34050869089162,-0.00024221225843412686,0.07387075820857454,2.723681912904889,2.6019675404244627,1.8819466144886774,0.720020925935785,1.4028921640270198,0.8417352984162118,0.561156865610808,0.054545809235471185,0.01,0.03894150533013721,1.3427562177986527,0.12054021950495614,0.008207760963745918
2127,0.7369144349715347,0.3393521760033323,-0.00017420486134005209,0.07381685005505054,2.752271497499761,2.6114281857402295,1.9121508157267098,0.69927737001352,1.4002011362884184,0.8401206817730512,0.5600804545153671,0.054095632777005895,0.01,0.03870466917804267,1.3463487308473792,0.12054638706736444,0.008189780557982276,0.7374040944778129,0.3404445723814792,-0.00023835553109485819,0.07386588590571729,2.7248991975991417,2.602315372909592,1.8832678169470118,0.7190475559625804,1.4027189677535499,0.8416313806521298,0.56108758710142,0.054525150335008016,0.01,0.038930688934879165,1.3429205285326402,0.1205349713962177,0.008206671339081734
2128,0.736904177560847,0.3393505269978424,-0.0001770419012289276,0.07381582234565393,2.7521338586609714,2.6113532338020096,1.9120169994784704,0.6993362343235391,1.4001947653041682,0.840116859182501,0.5600779061216672,0.054097156284880404,0.01,0.03870541891398434,1.3463365302116632,0.12054430366421767,0.008189707301781398,0.7373596712138015,0.340381462968149,-0.00023912701762986155,0.07386143629049102,2.7261650336947145,2.602689980213733,1.8846327243373269,0.718057255876406,1.4025538489289797,0.8415323093573877,0.5610215395715921,0.0545040247957365,0.01,0.03891961250903041,1.3430886054164661,0.12053050877317631,0.00820561613565291
2129,0.7368952773004159,0.33934901753529195,-0.00018431475970291655,0.07381493048527729,2.752015881084028,2.611289186725118,1.9119036315778406,0.6993855551472773,1.4001870825103122,0.8401122495061875,0.5600748330041248,0.0540984393491374,0.01,0.038706063323140444,1.346326255334319,0.1205422578183906,0.008189642695310875,0.7373186233742555,0.3403195663115318,-0.0002444852773888784,0.0738573247767197,2.7274566814099312,2.6030809876907486,1.8860186004699089,0.7170623872208397,1.402396801566704,0.8414380809400223,0.5609587206266818,0.0544827272453672,0.01,0.03890842700392097,1.3432581068902274,0.12052659136429625,0.00820459376099625
2130,0.7368880742479275,0.33934775183480087,-0.00019540910565711556,0.07381420854066163,2.7519205060478726,2.611237906815848,1.9118134198800565,0.6994244869357917,1.40017847694636,0.8401070861678162,0.560071390778544,0.054099455993117565,0.01,0.03870658987150686,1.346318114116562,0.12054032496635762,0.008189589824196973,0.7372803240338351,0.3402589663250425,-0.0002540097676408115,0.07385348856078097,2.7287594846788177,2.6034815263801994,1.8874108887681325,0.7160706376120669,1.4022476598511424,0.8413485959106853,0.5608990639404571,0.05446144306196696,0.01,0.038897227322818737,1.3434275582366797,0.12052307218239353,0.008203602152418756
2131,0.7368828261299899,0.33934680328044553,-0.00020951920941146562,0.07381368233407903,2.751850229895349,2.6112008757876484,1.9117486118800509,0.6994522639075975,1.4001693633588306,0.8401016180152984,0.5600677453435322,0.054100183747473767,0.01,0.03870698666254805,1.346312286385648,0.12053857766520075,0.008189550952824807,0.7372441258767918,0.34019963955223004,-0.0002671356717485057,0.07384986280334675,2.730062063707123,2.6038858724698364,1.8887983704476488,0.7150875020221877,1.402106155432457,0.8412636932594741,0.5608424621729828,0.05444030895715164,0.01,0.03888608204080503,1.3435958704267228,0.12051975391571114,0.00820263773577841
2132,0.7368797061747494,0.3393462199772194,-0.00022574349700987817,0.07381336922590276,2.7518068590370666,2.6111791048289925,1.9117107606444792,0.6994683441845135,1.400160163987646,0.8400960983925875,0.5600640655950585,0.05410060690014104,0.01,0.03870724433668651,1.3463088978800357,0.12053708438947182,0.008189527587058354,0.7372094491908849,0.3401415827530895,-0.0002830698006252852,0.07384638942709382,2.731353526580531,2.6042886735492794,1.89017037229705,0.7141183012522294,1.4019719238058017,0.841183154283481,0.5607887695223207,0.054419456112383205,0.01,0.03887505836180038,1.3437619970640626,0.12051654782647164,0.008201697549117544
2133,0.7368787922801782,0.3393460224386538,-0.00024317842503246423,0.07381327702954527,2.7517913785316592,2.6111730626549887,1.9117006034744088,0.6994724591805799,1.4001512917620842,0.8400907750572504,0.5600605167048338,0.054100717824282316,0.01,0.03870735677899004,1.346308009624459,0.12053590422624354,0.008189520389283922,0.737175706900177,0.3400847377670175,-0.00030096800722101413,0.07384300961953776,2.7326247001576047,2.604685190801516,1.891517984094711,0.7131672067068051,1.4018445267714899,0.8411067160628938,0.5607378107085961,0.0543989900777333,0.01,0.0388642098192641,1.3439250947066363,0.12051340138858489,0.008200777873520622
2134,0.7368800596944121,0.33934619753600365,-0.00026098479594394153,0.0738134032781016,2.7518040162571045,2.611182683231794,1.911718136385639,0.699464546846155,1.4001431331191094,0.8400858798714654,0.560057253247644,0.054100515651920915,0.01,0.03870732040801131,1.3463096285561797,0.12053508122171268,0.008189529061534428,0.7371424046759179,0.34002900443712664,-0.0003200142583499599,0.07383967386768611,2.733869548878659,2.605072069660757,1.8928354738354343,0.7122365958253227,1.4017234584053744,0.8410340750432246,0.5606893833621498,0.05437897428723663,0.01,0.03885356848249236,1.3440846546708192,0.12051027692054336,0.008199874906780289
2135,0.7368833957351542,0.33934670058660654,-0.00027841297458208736,0.07381373669823588,2.751844434515427,2.6112074768222087,1.911762815825945,0.6994446609962637,1.4001360311491369,0.8400816186894818,0.560054412459655,0.05410000395074517,0.01,0.038707133210379205,1.346313726129476,0.12053464459904843,0.008189552446929722,0.7371104837239106,0.339974213357236,-0.00033910232318232203,0.07383647645779945,2.7351111211120966,2.6054601727276747,1.89414621944014,0.7113139532875346,1.4016081694532614,0.8409649016719568,0.5606432677813046,0.05435910952991356,0.01,0.03884298602472092,1.3442430599459363,0.12050748086495378,0.008198991164940746
2136,0.7368886285424734,0.3393474653032135,-0.000294801294479341,0.07381426008937729,2.7519119119637945,2.6112466731954895,1.9118337480294534,0.699412925166036,1.4001302732239025,0.8400781639343411,0.5600521092895614,0.05409918909301566,0.01,0.03870679431757772,1.346320251375333,0.12053461378772083,0.008189588805617948,0.7370799559229214,0.3399203371158397,-0.00035775614610825124,0.07383341859613973,2.7363503947983236,2.6058499499096235,1.8954513881490365,0.710398561760587,1.4014983444154785,0.8408990066492872,0.5605993377661913,0.05433937959352886,0.01,0.03883245598696812,1.3444004387750201,0.12050478331342224,0.008198126349614494
2137,0.73689555354029,0.339348416424323,-0.00030957184684332617,0.07381495297322627,2.7520053933474724,2.6112993098058945,1.9119297421527235,0.6993695676531708,1.400126085324582,0.8400756511947489,0.5600504341298331,0.05409808047505034,0.01,0.038706304528397247,1.3463291291404729,0.1205350011235674,0.008189636114761922,0.7370519286602103,0.3398680493960899,-0.00037472628518266105,0.0738306111458954,2.7375843739415524,2.606243273928781,1.896748152981981,0.7094951209467999,1.4013937015992857,0.8408362209595716,0.5605574806397141,0.05431986542845847,0.01,0.0388220403297091,1.3445561441789309,0.1205026768289374,0.008197294933069636
2138,0.7369039491035991,0.33934948189262787,-0.00032223228356850764,0.07381579316217429,2.7521233570101096,2.611364224977138,1.9120491778312425,0.6993150471458952,1.400123631964779,0.8400741791788671,0.5600494527859119,0.05409669297511638,0.01,0.03870566788411518,1.3463402403990097,0.12053581122902265,0.008189692308447254,0.737027319242849,0.33981797716851514,-0.00038918369676357867,0.07382814598223968,2.7388082875719992,2.606640830585274,1.898031768841121,0.7086090617441527,1.401294197884797,0.8407765187308783,0.5605176791539187,0.05430066835103112,0.01,0.038811807961135765,1.3447093658274394,0.12050135054411608,0.008196509816854453
2139,0.7369135829583471,0.3393506037593219,-0.00033238222598794276,0.07381675739988194,2.7522635557431885,2.611439980645856,1.9121897442843978,0.6992502363614581,1.400123019097985,0.8400738114587907,0.5600492076391943,0.054095050893729416,0.01,0.03870489391737113,1.3463533906877978,0.12053704007757565,0.00818975545427934,0.7370068520661438,0.33977072767209376,-0.0004004502532563986,0.07382609565831919,2.7400145609226376,2.6070417539504205,1.8992945796711622,0.7077471742792582,1.4011999687524588,0.8407199812514754,0.5604799875009834,0.05428192405294623,0.01,0.03880184288486147,1.3448590179602813,0.12050095652010188,0.008195782674755351
2140,0.7369242104998488,0.3393517437438999,-0.00033972483875802095,0.07381782119289318,2.752422793759546,2.611524776819145,1.9123482149893825,0.699176561829763,1.4001242979502726,0.8400745787701633,0.5600497191801093,0.05409319108906237,0.01,0.038703999339150044,1.3463682849798653,0.12053867319929884,0.008189823818686211,0.7369909849353974,0.3397268473749613,-0.00040803492119804996,0.07382450602816615,2.7411928368038896,2.6074434532192523,1.900526072542021,0.7069173806772311,1.4011112737697806,0.8406667642618685,0.5604445095079121,0.05426379905214239,0.01,0.038792241645009384,1.3450037673903716,0.12050158667976085,0.00819512304114569
2141,0.73693557289725,0.3393528839931753,-0.00034408080306828903,0.0738189586211423,2.75259686660039,2.61161642429157,1.9125203857102604,0.6990960385813096,1.400127468150217,0.8400764808901299,0.5600509872600871,0.05409116378216774,0.01,0.03870300843777477,1.346384521211911,0.1205406826174622,0.008189895867556952,0.7369798583854225,0.3396867625285065,-0.00041166537367741396,0.07382339117257397,2.7423310615162446,2.607841884609194,1.9017140013979277,0.7061278832112663,1.401028433530528,0.8406170601183169,0.5604113734122111,0.05424647275616904,0.01,0.03878310318823709,1.345142176560527,0.12050325658877924,0.008194537271237898
2142,0.7369474058424241,0.33935402681714516,-0.00034539367526265075,0.07382014321475217,2.752780734834908,2.6117124294694833,1.9127012467235047,0.6990111827459785,1.4001324801856727,0.8400794881114033,0.5600529920742694,0.05408903042702269,0.01,0.0387019520019883,1.346401607316181,0.12054302589115481,0.008189970306671774,0.7369732982195643,0.3396507313605721,-0.000411296072459183,0.07382273365411814,2.743417156753941,2.60823217402655,1.9028460987915174,0.7053860752350327,1.4009517632707056,0.8405710579624235,0.5603807053082821,0.05423011313915173,0.01,0.03877451593334657,1.34527289793429,0.1205059032639475,0.008194027921641955
2143,0.7369594638723882,0.33935519538748193,-0.00034372230242556145,0.07382135039061605,2.7529689555545853,2.6118102123634013,1.9128854119882859,0.6989248003751154,1.4001392392771663,0.8400835435662996,0.5600556957108668,0.054086858505793374,0.01,0.03870086474240831,1.3464190028831036,0.12054564948566088,0.00819004621291124,0.7369708769026619,0.3396188264900603,-0.0004070866918232663,0.07382249066536961,2.7444407420428707,2.6086094102832322,1.903911833879659,0.7046975764035732,1.4008815136053523,0.8405289081632116,0.5603526054421407,0.05421485397000278,0.01,0.03876654643608416,1.3453948563270282,0.12050939906231968,0.008193593825121637
2144,0.7369715610388874,0.3393564386364311,-0.00033922421432888705,0.07382256152605947,2.7531562749361926,2.6119074243340217,1.9130677068450708,0.6988397174889511,1.4001476134852036,0.8400885680911219,0.5600590453940817,0.054084714677868795,0.01,0.038699781992377794,1.3464361740216102,0.12054849648399497,0.008190123303001357,0.7369720227221791,0.33959095518409743,-0.00039935886679609567,0.07382260496027894,2.7453944414596383,2.608969409771979,1.9049037441458445,0.7040656656261346,1.4008178288563229,0.8404906973137939,0.560327131542529,0.05420077991005806,0.01,0.038759232918774436,1.345507368571996,0.12051357777564758,0.00819323090500374
2145,0.7369836283799674,0.3393578455370816,-0.00033213188828704054,0.07382376971521018,2.7533382113265814,2.6120023047863414,1.9132437420861386,0.6987585627002028,1.4001574487340718,0.8400944692404428,0.5600629794936289,0.054082658745888745,0.01,0.03869873703916258,1.3464526416916978,0.12055151825313377,0.00819020241072374,0.7369761597011756,0.3395669160558092,-0.0003885404083834032,0.07382301886527366,2.7462745096661783,2.6093093110835337,1.9058180714934352,0.7034912395900985,1.4007607302879048,0.8404564381727431,0.5603042921151618,0.05418792267182818,0.01,0.03875258515142298,1.3456101748247589,0.1205182670901245,0.008192933625841007
2146,0.736995788155714,0.3393595716713865,-0.00038107885699356636,0.07382498720465391,2.7535115282750384,2.612094039951772,1.9134103723233236,0.6986836676284485,1.4001685932528587,0.840101155951715,0.5600674373011437,0.054080739886775024,0.01,0.03869775986920776,1.346468011907958,0.1205546895454032,0.008190286210930821,0.7369828607848203,0.3395464818278976,-0.0004334817138758329,0.07382368962054058,2.747080813832399,2.609627966238299,1.9066547372709965,0.7029732289673024,1.4007101276023375,0.8404260765614027,0.5602840510409348,0.054176267082246654,0.01,0.038746589789035064,1.3457033905809044,0.12052332188927808,0.008192696855886007
2147,0.7369964149540273,0.3393629900469693,-0.0003820673148603043,0.07382504943143764,2.753411416532498,2.6120569567174154,1.9133028563262031,0.6987541003912123,1.4001809336771587,0.840108560206295,0.5600723734708637,0.0540822896786144,0.01,0.038698538426828286,1.3464555978853556,0.1205543022127355,0.008190334658139873,0.7369799982259811,0.3395306071105242,-0.00043031240570934326,0.07382340235909121,2.74755392598565,2.609800366540762,1.907154410950918,0.7026459555898439,1.4006658583912195,0.8403995150347319,0.5602663433564876,0.05416905453462094,0.01,0.0387428768077947,1.3457610815513976,0.12052493437290696,0.008192472386937377
2148,0.736996853490047,0.3393659126387776,-0.0003830095129140759,0.07382509281086551,2.753324414828959,2.6120243445649587,1.913209119338534,0.6988152252264247,1.4001921591507083,0.8401152954904247,0.5600768636602835,0.05408363680759315,0.01,0.038699210151502156,1.3464448074599,0.12055393985207298,0.008190375590235487,0.7369784185064726,0.33951669039483623,-0.00042711258388901385,0.07382324359995752,2.7479851016488843,2.609960184778781,1.9076098183198638,0.7023503664589172,1.4006254722150342,0.8403752833290207,0.5602501888860135,0.054162519450997336,0.01,0.03873952811150406,1.3458133593136923,0.12052660330199404,0.008192280251769213
2149,0.7369972419770171,0.3393684644194931,-0.00038384652931700014,0.07382513117343625,2.7532487881081322,2.6119959228628,1.9131273808688845,0.6988685419939152,1.4002023453987467,0.8401214072392478,0.5600809381594989,0.054084811658108634,0.01,0.038699793209516165,1.346435397158979,0.12055364561880547,0.008190411356362635,0.7369778700593504,0.3395044820424033,-0.0004239296798137643,0.07382318813667146,2.7483782524932945,2.6101082024261455,1.908024957787438,0.7020832446387073,1.4005888245097604,0.8403532947058565,0.5602355298039039,0.05415659555237043,0.01,0.03873650469382081,1.3458607524851969,0.12052831280285742,0.008192115888941873
2150,0.7369976520851282,0.33937072620605746,-0.00038457386980182695,0.07382517169875552,2.7531831112399594,2.611971344945281,1.9130561591392563,0.6989151858060244,1.4002115868345055,0.8401269521007031,0.5600846347338024,0.05408583791335636,0.01,0.03870030101897748,1.34642717721415,0.12055341845994685,0.008190443386950819,0.7369781167309088,0.3394937399128299,-0.00042083027943501383,0.07382321231840266,2.7487372984295133,2.6102452516540153,1.9084038560074763,0.701841395646539,1.400555737370061,0.8403334424220369,0.5602222949480241,0.05415121674798709,0.01,0.0387337680913304,1.3459037885240468,0.12053002320626605,0.008191974912452
2151,0.7369981197239155,0.3393727537365732,-0.0003851958597482358,0.07382521798423028,2.7531261692109297,2.611950245618165,1.9129941799825922,0.6989560656355727,1.4002199820472294,0.8401319892283375,0.5600879928188919,0.05408673499118309,0.01,0.0387007441190807,1.3464199920415691,0.12055325364482403,0.00819047260080892,0.7369789597623856,0.33948425049659636,-0.0004178613970379219,0.07382329623803988,2.749065844426436,2.6103721549470946,1.9087502409392794,0.7016219140078152,1.4005260058119275,0.8403156034871568,0.5602104023247707,0.05414632259738912,0.01,0.03873128366036244,1.3459429499735798,0.12053170648861154,0.008191853501970088
2152,0.7369986571340231,0.3393745861149985,-0.00038572186678380305,0.07382527125629737,2.7530768838331916,2.6119322478698725,1.9129403078791611,0.6989919399907114,1.4002276265900506,0.8401365759540304,0.5600910506360203,0.054087519469027914,0.01,0.03870113117533792,1.3464137088229418,0.12055314425673958,0.0081904995776488,0.7369802367909738,0.33947583255690245,-0.00041505384915144217,0.07382342363289643,2.749367040493203,2.610489669915584,1.9090673959418496,0.7014222739737347,1.4004994075855883,0.8402996445513533,0.560199763034235,0.05414186034379871,0.01,0.038729021620256654,1.3459786581319801,0.12053334324860329,0.008191748446246592
2153,0.7369992599951665,0.3393762506895421,-0.00038616414886100126,0.07382533108244232,2.7530342736745204,2.611916967891216,1.9128935084026142,0.699023459488602,1.4002346087865103,0.8401407652719061,0.5600938435146042,0.05408820587906085,0.01,0.0387014695466683,1.3464082111328917,0.12055308201980018,0.008190524658366564,0.7369818154256345,0.33946833419417716,-0.0004124265771443536,0.0738235812417912,2.7496435690558942,2.610598466071731,1.9093581419655052,0.7012403241062255,1.4004757118173146,0.8402854270903891,0.5601902847269254,0.054137784926397634,0.01,0.03872695691249533,1.346011272900029,0.12053491979993024,0.008191657072199165
2154,0.7369999128352709,0.3393777664825259,-0.000386536373019164,0.07382539591304753,2.752997433880873,2.611904022444561,1.9128528294967087,0.6990511929478522,1.400241007306941,0.8401446043841645,0.5600964029227764,0.05408880717327299,0.01,0.03870176563393508,1.3464033952110208,0.12055305789155056,0.008190548017610547,0.7369835868520337,0.33946162810421004,-0.00040999026649603254,0.07382375816483863,2.749897694640635,2.6106991245735305,1.9096248833007623,0.7010742412727684,1.4004546855664537,0.8402728113398726,0.5601818742265811,0.05413405809065828,0.01,0.03872506857570486,1.3460410998568424,0.12053642606593178,0.008191577150193136
2155,0.737000593543814,0.33937914676461006,-0.00038685246626846137,0.07382546353349807,2.752965529892998,2.6118930386252,1.912817395884029,0.6990756427411708,1.4002468900149483,0.8401481340089688,0.5600987560059795,0.05408933496905109,0.01,0.038702025085635874,1.3463991679928844,0.1205530626008862,0.008190569720518789,0.7369854610497076,0.3394556070096008,-0.000407749848778019,0.07382394538456111,2.750131336516787,2.610792150855156,1.9098696774097697,0.700922473445386,1.4004360985116948,0.8402616591070172,0.5601744394046776,0.05413064721646131,0.01,0.03872333899950134,1.3460683996044627,0.12053785435745236,0.008191506809669057
2156,0.7370012773890142,0.33938040114314216,-0.00038712567521669017,0.07382553146658499,2.7529377994378668,2.611883665098185,1.9127864111658002,0.699097253932385,1.400252313786778,0.8401513882720666,0.5601009255147114,0.054089799667246946,0.01,0.03870225291926346,1.346395446162695,0.1205530871585216,0.008190589770529633,0.7369873639388117,0.33945018007492456,-0.0004057060127516665,0.07382413548017802,2.7503461422602173,2.6108779929291677,1.9100943065042353,0.7007836864249324,1.4004197262599698,0.8402518357559822,0.5601678905039876,0.054127524193192555,0.01,0.03872175324019972,1.346093396745171,0.12053919881555016,0.008191444477445586
2157,0.7370019401351879,0.33938153716039066,-0.0003873679117572526,0.07382559728476773,2.7529135552973645,2.611875581098611,1.912759160230157,0.6991164208684539,1.4002573251120127,0.8401543950672075,0.5601029300448053,0.05409021053272825,0.01,0.03870245360405489,1.3463921555068898,0.12055312325199513,0.008190608146186978,0.7369892355945848,0.3394452702181143,-0.00040385613842076895,0.07382432244878623,2.7505435495067205,2.610957058417441,1.910300337837312,0.7006567205801292,1.400405352782347,0.8402432116694085,0.5601621411129385,0.05412466449519887,0.01,0.038720298467999,1.3461162872618726,0.1205404551823551,0.008191388833223541
2158,0.7370025602475981,0.3393825615069372,-0.00038758931615265335,0.07382565883103069,2.752892184796938,2.611868501754964,1.91273500806104,0.6991334936939242,1.400261961226497,0.8401571767358981,0.560104784490599,0.054090575792453445,0.01,0.03870263113722172,1.3463892301276315,0.12055316355298502,0.00819062482827208,0.7369910289887457,0.3394408121391706,-0.0004021948789504487,0.07382450157929632,2.7507248322098095,2.6110297275082317,1.9104891688495589,0.700540558658673,1.4003927722670835,0.8402356633602505,0.560157108906833,0.05412204649238248,0.01,0.03871896355551764,1.3461372440213015,0.12054162074147855,0.008191338777216327
2159,0.7370031203685976,0.3393834807954255,-0.0003877979754526306,0.07382571436674752,2.75287315121713,2.611862182137655,1.9127134002865955,0.6991487818510596,1.400266251550891,0.8401597509305344,0.5601065006203566,0.054090902682001146,0.01,0.03870278907953335,1.3463866120693733,0.12055320198331428,0.008190639817456883,0.7369927089917387,0.33943675071181434,-0.0004007145396847517,0.07382466935249149,2.750891138879799,2.61109636380165,1.9106620645508565,0.7004342992507933,1.4003817905482367,0.8402290743289424,0.5601527162192943,0.054119650881073525,0.01,0.0387177387393835,1.3461564213180188,0.12054269435674936,0.008191293403883481
2160,0.737003608195306,0.33938430195261926,-0.00038799986705947975,0.07382576265960591,2.752855997434687,2.611856420519472,1.9126938658751858,0.6991625546442866,1.4002702192658358,0.8401621315595014,0.5601080877063345,0.05409119743954918,0.01,0.03870293055267958,1.3463842513664654,0.12055323384195715,0.008190653143899619,0.7369942514421042,0.33943303955956344,-0.00039940545754674206,0.07382482334781593,2.7510435254638193,2.6111573234749446,1.9108201897427128,0.7003371337322317,1.4003722262018434,0.8402233357211065,0.5601488904807369,0.05411746019094095,0.01,0.038716615327122214,1.3461739588124506,0.1205436764474685,0.008191251978434481
2161,0.7370040165982855,0.33938503230166017,-0.00038819900819646314,0.07382580299550064,2.7528403462154283,2.6118510584479475,1.9126760164776122,0.6991750419703354,1.4002738828963603,0.8401643297378161,0.5601095531585443,0.05409146531953363,0.01,0.03870305823714082,1.3463821059332797,0.1205532557910071,0.008190664868931248,0.7369956419069957,0.33942963972224305,-0.0003982564413435308,0.07382496211922288,2.7511829791556655,2.6112129604397736,1.9109646323422695,0.700248328097504,1.400363911355659,0.8402183468133959,0.560145564542263,0.054115458407160685,0.01,0.038715585465634146,1.3461899845483156,0.1205445688658941,0.008191213912975052
2162,0.7370043431197164,0.33938567945883774,-0.00038839770130662254,0.07382583512826756,2.752825895320469,2.6118459773603586,1.91265954066423,0.6991864366961289,1.4002772577603988,0.840166354656239,0.5601109031041598,0.05409171065597065,0.01,0.0387031743900909,1.3463801410566933,0.12055326577389612,0.008190675081174003,0.7369968741339143,0.33942651842604465,-0.0003972552106662197,0.07382508504008768,2.751310432657765,2.61126362732558,1.911096417348311,0.7001672099772692,1.4003566921824224,0.8402140153094539,0.5601426768729685,0.05411363071431454,0.01,0.038714641975081,1.3462046169970339,0.12054537473420923,0.008191178742471918
2163,0.7370045892300965,0.33938625112964144,-0.0003885968116042471,0.07382585920522905,2.7528124114767443,2.6118410942116426,1.9126441971704815,0.6991968970411611,1.4002803571771052,0.8401682143062628,0.5601121428708424,0.05409193693097428,0.01,0.03870328086460832,1.3463783288470532,0.12055326289927536,0.008190683890114948,0.7369979484857975,0.3394236479678275,-0.0003963887988566034,0.0738251921464543,2.751426773951242,2.6113096748773414,1.9112165165214674,0.700093158355874,1.4003504290496238,0.8402102574297747,0.5601401716198491,0.0541119633006577,0.01,0.038713778218391004,1.3462179666199448,0.12054609826619105,0.008191146102143842
2164,0.7370047594317378,0.33938675481269814,-0.00038879613094663923,0.07382587567739791,2.7527997245451434,2.611836356830398,1.9126298084972762,0.6992065483331218,1.400283193413113,0.8401699160478674,0.5601132773652456,0.05409214683259319,0.01,0.03870337912276162,1.3463766477747494,0.12055324723140126,0.00819069141769088,0.7369988703910183,0.33942100467182723,-0.000395643993658254,0.0738252839817798,2.7515328536379617,2.6113514505861994,1.9113258558237833,0.7000255947624162,1.4003449963569632,0.8402069978141784,0.5601379985427848,0.0541104431948336,0.01,0.03871298799113723,1.3462301371715961,0.12054674450928782,0.008191115705883698
2165,0.7370048603489134,0.3393871975670656,-0.00038899474081420526,0.07382588520834181,2.752787719071835,2.611831738355021,1.9126162520535361,0.699215486301485,1.400285778363832,0.8401714670182988,0.5601143113455332,0.05409234234707874,0.01,0.038703470269472004,1.3463750819310905,0.1205532195459372,0.008190697790645733,0.7369996489091465,0.33941856803873544,-0.0003950077415772052,0.07382536145327297,2.7516294875724205,2.611389295986871,1.911425318315084,0.699963977671787,1.4003402820955604,0.8402041692573367,0.5601361128382237,0.05410905817146387,0.01,0.03871226545309004,1.346241226452273,0.1205473190628113,0.008191087327807113
2166,0.7370048999394817,0.3393875859217545,-0.00038919127829634137,0.07382588859521189,2.7527763230018305,2.6118272310170507,1.9126034486055854,0.6992237824114655,1.4002881239937426,0.8401728743962452,0.5601152495974974,0.054092524893898236,0.01,0.03870355511341887,1.3463736199468848,0.12055318113425446,0.008190703135381356,0.7370002955195879,0.3394163201403492,-0.00039446742910972943,0.07382542571055403,2.7517174549552337,2.611423542952269,1.911515742647988,0.6999078003042809,1.4003361871787419,0.8402017123072455,0.5601344748714964,0.0541077967275334,0.01,0.038711605103611164,1.3462513264942029,0.1205478278532325,0.008191060788169984
2167,0.7370048869331008,0.3393879259175569,-0.0003893841090804595,0.07382588671246965,2.7527654958894785,2.6118228403765107,1.912591350339757,0.6992314900367537,1.40029024258287,0.8401741455497216,0.5601160970331485,0.05409269547460173,0.01,0.03870363424008104,1.3463722538001173,0.12055313365659064,0.008190707575696895,0.7370008232186976,0.33941424523042757,-0.0003940110513167838,0.07382547805521428,2.751797494546322,2.6114545101515967,1.9115979197805677,0.6998565903710292,1.4003326246095897,0.8401995747657542,0.5601330498438355,0.05410664809550198,0.01,0.03871100178272791,1.3462605234540748,0.1205482769657027,0.008191035943695437
2168,0.737004830344374,0.33938822316286926,-0.00038957148893166427,0.07382588046312075,2.7527552179399972,2.6118185800804516,1.912579929834874,0.6992386502455776,1.4002921468418725,0.8401752881051231,0.5601168587367494,0.05409285481152873,0.01,0.0387037080811088,1.3463709777050257,0.12055307899061615,0.00819071123108902,0.7370012457598877,0.33941232943819966,-0.00039362735419402883,0.07382551986470096,2.7518703006124148,2.611482499805267,1.9116725894763045,0.6998099103289628,1.4003295185601832,0.8401977111361103,0.5601318074240729,0.054105602264738144,0.01,0.03871045067937504,1.3462688974392374,0.12054867247731331,0.008191012679711495
2169,0.737004739070637,0.3393884828571265,-0.00038975170392632763,0.0738258707384298,2.7527454816967913,2.611814467817601,1.9125691717429218,0.6992452960746792,1.4002938499231163,0.8401763099538695,0.5601175399692468,0.05409300345116344,0.01,0.038703776966013216,1.3463697872843217,0.12055301909523564,0.008190714215047032,0.7370015770333632,0.3394105604859954,-0.00039330594565746557,0.07382555253019031,2.7519365206078863,2.611507795439844,1.9117404385687597,0.6997673568710842,1.4003268033985434,0.8401960820391265,0.5601307213594169,0.05410464998305266,0.01,0.038709947330875585,1.3462765224935205,0.12054902031042096,0.00819099090330731
2170,0.7370046215883549,0.3393887097834698,-0.0003899231942143394,0.07382585838751164,2.752736286594408,2.611810522579007,1.9125590673818726,0.6992514551971342,1.4002953653542258,0.8401772192125352,0.5601181461416906,0.054093141829756546,0.01,0.03870384115485451,1.3463686790436245,0.12055295588686929,0.008190716633434328,0.7370018305911868,0.3394089274234864,-0.0003930373821041805,0.07382557740901688,2.751996754976172,2.611530660790466,1.9118021013591546,0.6997285594313116,1.400324422695028,0.8401946536170173,0.5601297690780107,0.05410378273331394,0.01,0.03870948761073224,1.3462834667828427,0.12054932610323367,0.008190970537437035
2171,0.7370044857711426,0.3393889083113127,-0.00039008463616950484,0.07382584419910392,2.7527276354041983,2.611806762928635,1.912549611251844,0.6992571516767909,1.4002967069205907,0.8401780241523541,0.5601186827682366,0.05409327031610769,0.01,0.038703900860300414,1.3463676500288142,0.1205528911487737,0.008190718583610552,0.7370020193307925,0.33940742041099276,-0.0003928132086345876,0.073825595792973,2.7520515582026728,2.6115513395656187,1.9118581612599619,0.6996931783056568,1.4003223282378505,0.8401933969427108,0.5601289312951397,0.05410299269823041,0.01,0.038709067711941984,1.3462897928758202,0.12054959511682468,0.008190951516467109
2172,0.7370043388056502,0.3393890824294911,-0.00039023497511953,0.07382582889314136,2.752719531425336,2.611803205802679,1.912540798310307,0.6992624074923719,1.4002978885250488,0.8401787331150289,0.5601191554100199,0.05409338924717362,0.01,0.03870395626720502,1.3463666975408493,0.12055282648090365,0.008190720154449355,0.7370021553088941,0.3394060305661342,-0.0003926259459938186,0.07382560888966788,2.752101440115403,2.611570055633273,1.9119091526632528,0.6996609029700203,1.400320479086916,0.84019228745215,0.5601281916347659,0.05410227272677582,0.01,0.03870868413270637,1.346295558011437,0.12054983218642029,0.00819093378321568
2173,0.7370041871305567,0.3393892357861658,-0.000390373429541957,0.07382581311464252,2.7527119758702225,2.6117998654395858,1.9125326214428524,0.6992672439967333,1.4002989240456176,0.8401793544273702,0.5601195696182474,0.054093498961751044,0.01,0.03870400755144887,1.3463658188660101,0.12055276327660858,0.0081907214265615,0.7370022496050981,0.33940474984393626,-0.0003924690474554071,0.07382561780886293,2.752146866982972,2.6115870132511105,1.9119555625708229,0.6996314506802875,1.4003188406869143,0.840191304412149,0.5601275362747653,0.05410161630585808,0.01,0.03870833366528609,1.3463008143249175,0.12055004170203965,0.008190917286683787
2174,0.7370040363664087,0.3393893717086151,-0.00039049948704461546,0.0738257974266796,2.7527049657819216,2.611796752477211,1.912525069464405,0.6992716830128063,1.4002998271958618,0.8401798963175167,0.5601199308783451,0.05409359982628684,0.01,0.0387040548942764,1.346365011069187,0.12055270271126796,0.008190722472205536,0.7370023121973591,0.3394035709196967,-0.0003923368472400768,0.07382562354999402,2.752188262775923,2.6116023973730558,1.911997832350008,0.6996045650230476,1.4003173840431913,0.8401904304259152,0.560126953617276,0.05410101753066218,0.01,0.038708013383824416,1.3463056090843755,0.12055022760292292,0.008190901979881888
2175,0.7370038911941056,0.3393894931803813,-0.0003906129184519519,0.07382578229820395,2.7526984924811773,2.6117938731065506,1.9125181256496415,0.699275747456909,1.4003006113858936,0.8401803668315357,0.5601202445543578,0.05409369225127753,0.01,0.03870409849071936,1.3463642708625447,0.12055264572078678,0.008190723354376019,0.7370023518051185,0.3394024870494474,-0.0003922245266709812,0.07382562698645546,2.752226010642534,2.6116163739361253,1.9120363596687109,0.6995800142674142,1.4003160849563705,0.8401896509738228,0.5601264339825477,0.05410047107127515,0.01,0.03870772062924443,1.3463099849573734,0.12055039336407498,0.008190887817197208
2176,0.7370037552630576,0.339389602809351,-0.0003907137826857088,0.07382576809484498,2.752692540877423,2.6117912286159948,1.9125117671329126,0.699279461483082,1.4003012895741844,0.8401807737445103,0.5601205158296741,0.05409377669640955,0.01,0.03870413855225485,1.3463635945643544,0.12055259298941005,0.008190724125920293,0.7370023757776759,0.33940149193829117,-0.00039212807184151044,0.07382562885441654,2.7522604549825163,2.6116290904706227,1.912071501000292,0.699557589470331,1.400314923303706,0.8401889539822242,0.5601259693214818,0.05409997213289875,0.01,0.03870745299087028,1.3463139803289432,0.12055054199368298,0.008190874752091619
2177,0.7370036311776187,0.3393897028103419,-0.00039080241324324083,0.07382575507754989,2.752687089732422,2.6117888154834557,1.912505965262374,0.6992828502210819,1.4003018741167472,0.8401811244700479,0.5601207496466993,0.05409385366502982,0.01,0.0387041753046378,1.3463629781432727,0.12055254495197018,0.008190724829239772,0.7370023900732133,0.3394005796374938,-0.0003920442142992947,0.07382562975071774,2.752291904239883,2.6116406771949863,1.9121035748172261,0.6995371023777602,1.4003138823710939,0.8401883294226569,0.560125552948437,0.05409951640963324,0.01,0.03870720828535306,1.3463176296711972,0.12055067604606902,0.008190862735634597
2178,0.7370035205810401,0.33938979501330685,-0.00039087937971210573,0.07382574341099185,2.752682112857049,2.6117866260562717,1.9125006868797576,0.699285939176514,1.40030237662882,0.8401814259772915,0.5601209506515286,0.05409392368906106,0.01,0.0387042089816786,1.3463624173391482,0.12055250181640138,0.008190725496819354,0.7370023993451507,0.33939974447923843,-0.0003919703485620041,0.07382563014151823,2.752320634422726,2.6116512486389616,1.9121328654739886,0.699518383164973,1.400312948247895,0.8401877689487375,0.5601251792991576,0.054099100032438105,0.01,0.038706984533377564,1.3463209639596538,0.12055079765576257,0.008190851716072853
2179,0.7370034242748627,0.3393898808868359,-0.0003909454427788728,0.07382573317552737,2.7526775804535246,2.6117846493695236,1.9124958957277236,0.6992887536417999,1.400302807876336,0.840181684725801,0.560121123150535,0.054093987313410585,0.01,0.038704239819008855,1.3463619077878788,0.12055246359247998,0.008190726152137208,0.7370024070714689,0.33939898103676336,-0.00039190444528977575,0.07382563037524696,2.752346892585998,2.611660905349023,1.9121596270067873,0.6995012783422354,1.4003121092986843,0.840187265579211,0.5601248437194734,0.05409871951986919,0.01,0.038706779937936184,1.3463240110674066,0.12055090857833602,0.008190841638951351
2180,0.7370033423466433,0.33938996157141754,-0.00039100150342376294,0.07382572437999023,2.7526734602929777,2.6117828719195653,1.9124915536724223,0.699291318247143,1.4003031777009265,0.8401819066205553,0.5601212710803712,0.05409404508331091,0.01,0.03870426804934422,1.3463614451227928,0.1205524301278232,0.008190726810745588,0.7370024156979579,0.33939828410264994,-0.0003918449610774838,0.07382563069694942,2.7523708999880117,2.6116697354959677,1.9121840865605744,0.6994856489353934,1.400311355712395,0.8401868134274373,0.5601245422849577,0.0540983717346333,0.01,0.03870659286545671,1.3463267961127685,0.12055101023876869,0.008190832447544406
2181,0.7370032742933667,0.33939003791446865,-0.0003910485545119413,0.07382571697405205,2.752669718769827,2.611781278375057,1.9124876217838098,0.6992936565912469,1.400303494976696,0.840182096986017,0.560121397990679,0.054094097533522,0.01,0.03870429389849232,1.3463610250611169,0.1205524011442998,0.008190727481353532,0.7370024267812364,0.3393976486759018,-0.00039179075321547907,0.07382563126261128,2.752392854979856,2.6116778163701637,1.9122064475055953,0.6994713688645685,1.4003106791237676,0.8401864074742609,0.5601242716495067,0.054098053844553254,0.01,0.038706421828849424,1.34632934177165,0.12055110378029346,0.008190824083402035
2182,0.7370032191424949,0.3393901105054494,-0.0003910876383502043,0.07382571086034713,2.752666321925917,2.6117798522649585,1.912484061369058,0.6992957908959005,1.400303767594766,0.8401822605568591,0.560121507037907,0.0540941451781133,0.01,0.03870431758145079,1.3463606434858053,0.12055237627115072,0.008190728166898796,0.737002441132009,0.3393970699549738,-0.0003917410031140933,0.07382563215350586,2.752412935731089,2.611685215804447,1.9122268923511934,0.6994583234532536,1.400310072299826,0.8401860433798959,0.5601240289199302,0.05409776328642807,0.01,0.03870626547169317,1.346331668566787,0.12055119010978906,0.00819081648697607
2183,0.7370031756017453,0.3393901797159823,-0.00039111980131065205,0.07382570590947564,2.7526632368506467,2.611778576871568,1.9124808353672293,0.6992977415043385,1.4003040024723632,0.8401824014834174,0.5601216009889458,0.05409418849617186,0.01,0.0387043392964646,1.346360296559991,0.12055235508207049,0.008190728865830072,0.7370024589884047,0.33939654334072267,-0.00039169513951822776,0.07382563339355613,2.752431303205874,2.611691993753067,1.9122455858749183,0.6994464078781488,1.4003095288849252,0.8401857173309554,0.5601238115539698,0.054097497727947905,0.01,0.038706122551332905,1.3463337951725887,0.12055126994682382,0.008190809598528508
2184,0.7370031421737683,0.3393902457409116,-0.00039114606641389715,0.07382570197149019,2.7526604324101815,2.6117774357844232,1.912477909056507,0.6992995267279163,1.4003042055894583,0.8401825233536745,0.5601216822357838,0.05409422792598323,0.01,0.038704359223100705,1.3463599807735844,0.1205523371173944,0.008190729573225808,0.7370024801549651,0.3393960644443299,-0.0003916527822856314,0.07382563496325505,2.752448103360325,2.611698203487969,1.9122626774377869,0.6994355260501821,1.4003090432042296,0.840185425922538,0.5601236172816916,0.05409725503990965,0.01,0.03870599192679457,1.3463357386375168,0.12055134385746868,0.008190803358933435
2185,0.7370031172820668,0.3393903086471995,-0.000391167394153652,0.07382569888851115,2.7526578799240107,2.6117764134606665,1.9124752506978941,0.6993011627627723,1.4003043820435286,0.8401826292261166,0.5601217528174119,0.05409426386052811,0.01,0.038704377521074904,1.3463596929793358,0.12055232191829493,0.008190730282073155,0.737002504152689,0.33939562910633475,-0.0003916136771327655,0.07382563681469609,2.7524634691864955,2.6117038927587632,1.912278303118545,0.699425589640218,1.4003086101132503,0.8401851660679504,0.5601234440452999,0.05409703327141335,0.01,0.038705872548170706,1.34633751458262,0.12055141229951843,0.0081907977106815
2186,0.7370030993602453,0.3393903684137422,-0.0003911846626064447,0.07382569650366536,2.7526555534851758,2.6117754955574153,1.9124728318115154,0.6993026637459001,1.4003045361227684,0.8401827216736605,0.5601218144491079,0.054094296646848616,0.01,0.03870439433059031,1.3463594303979072,0.12055230904556283,0.008190730984242868,0.7370025303319045,0.3393952334094339,-0.00039157765214506424,0.07382563888287737,2.752477522306599,2.611709104684348,1.9122925873720371,0.699416517312311,1.4003082248909364,0.840184934934562,0.5601232899563744,0.05409683063045384,0.01,0.038705763448175425,1.3463391373568803,0.12055147565175328,0.00819079259861549
2187,0.737003086924507,0.3393904249686793,-0.00039119865163517176,0.07382569466834846,2.7526534300612484,2.6117746691393946,1.912470627227886,0.6993040419115086,1.4003046713889384,0.8401828028333626,0.5601218685555759,0.054094326587992944,0.01,0.03870440977380736,1.3463591906022958,0.12055229809591934,0.008190731671347009,0.7370025579673818,0.33939487369123217,-0.00039154458077789167,0.07382564109522831,2.7524903742571096,2.61171387847959,1.9123056443581665,0.6994082341214233,1.4003078831649047,0.8401847298989431,0.5601231532659616,0.054096645468538394,0.01,0.03870566373545703,1.3463406201603285,0.12055153424008792,0.008190787970576149
2188,0.73700307862871,0.33939047822229296,-0.00039121003554355716,0.07382569324774024,2.7526514894271,2.6117739227792987,1.9124686149676795,0.6993053078116194,1.4003047907657011,0.8401828744594203,0.5601219163062808,0.054094353946753694,0.01,0.0387044239570305,1.3463589714878947,0.1205522887114199,0.008190732335450816,0.7370025863348214,0.3393945465547682,-0.000391514355498529,0.07382564337927078,2.752502127518465,2.611718250036282,1.9123175790011344,0.6994006710351479,1.4003075808622172,0.8401845485173306,0.5601230323448866,0.054096476268451536,0.01,0.03870557258921697,1.3463419751419714,0.12055158835620124,0.008190783777925193
2189,0.737003073304683,0.33939052809471904,-0.00039121938106241594,0.07382569212484377,2.7526497140045905,2.611773246585824,1.9124667760274392,0.699306470558385,1.400304896628586,0.8401829379771513,0.5601219586514348,0.054094378950198904,0.01,0.038704436973121904,1.3463587712362015,0.1205522805847914,0.00819073296964196,0.7370026147710882,0.33939424887569375,-0.0003914868688475598,0.07382564566865253,2.7525128763700275,2.6117222523945802,1.9123284878622604,0.69939376453232,1.4003073141796116,0.8401843885077672,0.5601229256718444,0.05409632163407001,0.01,0.038705489254603404,1.3463432134813096,0.12055163827142312,0.008190779975942426
2190,0.7370030699841302,0.33939057453698346,-0.00039122715087056004,0.07382569120268007,2.752648088590806,2.611772632143812,1.9124650940546362,0.6993075380891758,1.4003049908936172,0.84018299453617,0.5601219963574472,0.05409440179509638,0.01,0.03870444890416906,1.3463585882713807,0.12055227346051611,0.008190733568419071,0.7370026427143513,0.3393939778043637,-0.000391462001999493,0.07382564790716771,2.7525227075563934,2.6117259160909523,1.9123384598154989,0.6993874562754535,1.4003070795681571,0.8401842477408945,0.5601228318272626,0.05409618028224096,0.01,0.03870541303887079,1.346344345453339,0.12055168424568499,0.00819077652405478
2191,0.737003067902261,0.33939061754492145,-0.00039123371085103553,0.07382569040465223,2.752646599990777,2.611772072373327,1.9124635549300328,0.6993085174432945,1.4003050751012405,0.840183045060744,0.5601220300404964,0.054094422653981206,0.01,0.0387044598242937,1.3463584212116664,0.12055226713322321,0.008190734127894379,0.7370026697241181,0.33939373076216733,-0.0003914396188776509,0.07382565005076334,2.752531700785053,2.6117292693909704,1.9123475765488118,0.6993816928421586,1.400306873727068,0.840184124236241,0.5601227494908271,0.05409605103639382,0.01,0.03870534330816026,1.3463453804796748,0.12055172653307737,0.008190773385888155
2192,0.7370030664836963,0.3393906571652157,-0.0003912393412705689,0.07382568967313415,2.7526452365898204,2.6117715613224197,1.9124621462942928,0.6993094150281267,1.4003051504925461,0.8401830902955275,0.5601220601970186,0.05409444168136213,0.01,0.038704469802351746,1.3463582688196616,0.12055226144301533,0.008190734645803107,0.737002695481759,0.339393505431189,-0.0003914195658530073,0.07382565206759174,2.752539929095451,2.6117323384239333,1.9123559129342844,0.6993764254896488,1.4003066936019437,0.8401840161611663,0.5601226774407774,0.05409593282129822,0.01,0.038705279484617675,1.3463463271705045,0.12055176538367703,0.008190770529133185
2193,0.7370030653145871,0.3393906934937889,-0.00039124425088880865,0.07382568896667795,2.752643987929096,2.611771093927279,1.9124608570839796,0.6993102368432993,1.4003052180751938,0.8401831308451162,0.5601220872300776,0.05409445901928594,0.01,0.03870447890416405,1.346358129957773,0.12055225626838555,0.008190735121342444,0.7370027197754765,0.3393932997372786,-0.0003914016758791161,0.07382565393650456,2.7525474591678707,2.611735147255172,1.9123635373379004,0.6993716099172715,1.4003065363832836,0.8401839218299703,0.5601226145533134,0.05409582465810622,0.01,0.03870522104345533,1.3463471933642657,0.12055180104231714,0.008190767925245633
2194,0.7370030641142327,0.33939072666840936,-0.00039124859048175753,0.07382568825717138,2.7526428444664908,2.6117706658404014,1.9124596772600233,0.6993109885803783,1.400305278677446,0.8401831672064675,0.5601221114709785,0.054094474800149145,0.01,0.038704487193301024,1.3463580035656921,0.12055225151954596,0.008190735554931333,0.7370027424830329,0.33939311182831466,-0.000391385773423375,0.07382565564532244,2.75255435175654,2.6117377179978285,1.9123705120551622,0.6993672059426664,1.400306399502296,0.8401838397013777,0.5601225598009183,0.05409572565752409,0.01,0.038705167508966916,1.346347986182311,0.12055183374713206,0.008190765549071877
2195,0.7370030627086547,0.3393907568576569,-0.0003912524667129963,0.07382568752719108,2.7526417974944026,2.6117702733226844,1.9124585976995592,0.699311675623125,1.4003053329914057,0.8401831997948433,0.5601221331965623,0.054094489147260824,0.01,0.03870449473072578,1.3463578886558925,0.12055224713094594,0.008190735947931824,0.7370027635548363,0.33939294004975584,-0.0003913716809381962,0.07382565718914082,2.7525606622222907,2.6117400709620426,1.912376893847985,0.6993631771140576,1.4003062806238424,0.8401837683743056,0.5601225122495368,0.054095635011559,0.01,0.038705118449778475,1.346348712094985,0.12055186372673066,0.00819076337844023
2196,0.7370030610078981,0.33939078425072605,-0.00039125595375005817,0.07382568676772926,2.7526408390922583,2.611769913159776,1.9124576101281126,0.6993123030316636,1.4003053816069098,0.8401832289641458,0.560122152642764,0.054094502174969056,0.01,0.03870450157431321,1.3463577843126102,0.12055224305495581,0.008190736302400211,0.737002782999263,0.3393927829218853,-0.00039135922415828306,0.0738256585688595,2.7525664410463753,2.6117422248037263,1.9123827344642486,0.6993594903394778,1.4003061776368775,0.8401837065821267,0.5601224710547508,0.05409555198559443,0.01,0.038705073474329596,1.346349376985072,0.12055189119799231,0.008190761393785884
2197,0.7370030589857679,0.3393908090501391,-0.0003912591020115569,0.07382568597616407,2.752639962018349,2.6117695825645937,1.9124567069957172,0.6993128755688764,1.4003054250377194,0.8401832550226316,0.5601221700150878,0.054094513989674055,0.01,0.03870450777894824,1.3463576896837344,0.12055223925716083,0.008190736620888902,0.7370028008689857,0.33939263912074163,-0.00039134823548683806,0.0738256597898133,2.7525717342334572,2.6117441966364607,1.9123880810476273,0.6993561155888337,1.4003060886430498,0.8401836531858301,0.5601224354572197,0.054095475912062034,0.01,0.03870503222726544,1.3463499861984671,0.12055191636496601,0.008190759577829769
2198,0.7370030566610659,0.33939083146650545,-0.00039126194468232234,0.07382568515438023,2.752639159554438,2.6117692790681444,1.912455881309692,0.6993133977584527,1.4003054637412435,0.8401832782447461,0.5601221854964974,0.054094524691512345,0.01,0.038704513397062115,1.346357603967319,0.12055223571291054,0.00819073690628297,0.7370028172475626,0.33939250746181426,-0.0003913385559839583,0.07382566086042805,2.7525765836221985,2.611746002111112,1.9123929764558871,0.6993530256552248,1.400306011943852,0.8401836071663114,0.5601224047775406,0.054095406185423536,0.01,0.038704994386567965,1.3463505445843476,0.12055193941857549,0.008190757915295308
2199,0.737003054080977,0.33939085171325284,-0.0003912645029352235,0.07382568430710475,2.7526384253880933,2.611769000430737,1.9124551265084602,0.6993138739222766,1.4003054981327219,0.8401832988796332,0.5601221992530887,0.05409453437553691,0.01,0.038704518478958796,1.346357526402129,0.12055223240460011,0.00819073716164707,0.7370028322370874,0.3393923868843816,-0.00039133003679264755,0.07382566179098381,2.752581027192486,2.61174765549728,1.9123974595765838,0.6993501959206958,1.4003059460265035,0.8401835676159023,0.5601223784106012,0.054095342257228916,0.01,0.03870495966075288,1.346351056534744,0.12055196053663751,0.00819075639263903
2200,0.737003051306412,0.3393908700001135,-0.00039126679096489203,0.07382568344043904,2.7526377535722335,2.6117687445870947,1.9124544364153322,0.6993143081717623,1.4003055285948354,0.8401833171569013,0.5601222114379341,0.05409454313183383,0.01,0.038704523072611394,1.3463574562667076,0.1205522293188746,0.008190737390065667,0.7370028459468275,0.33939227643525277,-0.00039132254101777175,0.07382566259247654,2.7525850994113137,2.6117491697814468,1.9124015656819735,0.6993476040994734,1.4003058895489,0.8401835337293402,0.5601223558195598,0.05409528363065441,0.01,0.03870492778579859,1.3463515260282755,0.12055197988342455,0.008190754997778193
2201,0.7370030484007327,0.3393908865262611,-0.00039126882014042796,0.07382568256072938,2.7526371385576067,2.6117685096273613,1.9124538052674644,0.6993147043598966,1.4003055554835702,0.8401833332901422,0.560122222193428,0.054094551044695155,0.01,0.03870452722300903,1.3463573928860009,0.12055222644435971,0.008190737594495592,0.7370028584844438,0.3393921752528043,-0.00039131594523283963,0.07382566327573845,2.75258883161615,2.6117505567855073,1.9124053268218053,0.6993452299637017,1.4003058413239073,0.8401835047943446,0.5601223365295628,0.05409522985459718,0.01,0.03870489852186936,1.3463519566774358,0.12055199760943902,0.008190753719835304
2202,0.737003045422074,0.3393909014746876,-0.0003912706019522372,0.07382568167379808,2.752636575247556,2.611768293796111,1.9124532277687445,0.6993150660273666,1.4003055791313526,0.8401833474788116,0.5601222316525409,0.05409455819158472,0.01,0.03870453097145732,1.3463573356396386,0.12055222377007187,0.008190737777653057,0.7370028699501322,0.3393920825528728,-0.00039131014023127686,0.07382566385085147,2.7525922523880837,2.611751827289261,1.9124087722059468,0.6993430550833144,1.4003058003035609,0.8401834801821367,0.5601223201214242,0.05409518051802245,0.01,0.03870487165021879,1.3463523517738585,0.12055201385158328,0.00819075254892179
2203,0.7370030424191265,0.3393909150093555,-0.00039127214943210364,0.07382568078452104,2.752636059019469,2.611768095488775,1.912452699110422,0.6993153963783532,1.4003055998484115,0.840183359909047,0.5601222399393645,0.0540945646426895,0.01,0.03870453435526286,1.3463572839655282,0.12055222128466855,0.008190737941954771,0.7370028804336825,0.33939199761801736,-0.000391305030620126,0.07382566432685261,2.7525953878620713,2.6117529911377657,1.912411928523833,0.6993410626139329,1.4003057655637299,0.8401834593382381,0.5601223062254918,0.05409513524531586,0.01,0.038704846970686005,1.3463527143255347,0.12055202873392394,0.00819075147598104
2204,0.7370030394295014,0.33939092727530984,-0.0003912734773427323,0.07382567989666398,2.7526355856906144,2.6117679132349774,1.9124522149366916,0.6993156982982858,1.4003056179232045,0.8401833707539228,0.5601222471692817,0.05409457046134845,0.01,0.038704537407945515,1.3463572373564192,0.120552218976309,0.008190738089511256,0.7370028900136634,0.3393919197903081,-0.0003913005334940517,0.07382566471165232,2.7525982619546046,2.6117540573242954,1.9124148201807505,0.699339237143545,1.4003057362897564,0.8401834417738541,0.5601222945159023,0.054095093692895724,0.01,0.03870482429991161,1.3463530470839387,0.12055204236885195,0.008190750492688728
2205,0.7370030364805572,0.33939093840055473,-0.00039127460139462555,0.07382567901296555,2.7526351514682017,2.6117677456826964,1.912451771294708,0.6993159743879882,1.4003056336224893,0.8401833801734936,0.5601222534489957,0.05409457570479322,0.01,0.038704540159659157,1.3463571953539715,0.12055221683312128,0.008190738222155814,0.7370028987587176,0.33939184846641746,-0.0003912965763923082,0.07382566501216452,2.752600896551098,2.6117550340640174,1.9124174694930716,0.6993375645709459,1.400305711763377,0.8401834270580265,0.5601222847053505,0.054095055546486664,0.01,0.03870480346993926,1.3463533525658624,0.12055205485866796,0.0081907495913943
2206,0.7370030335910815,0.33939094849801477,-0.00039127553760601175,0.0738256781353056,2.7526347529124617,2.611767591589307,1.9124513645975338,0.699316226991773,1.4003056471915463,0.8401833883149279,0.5601222588766184,0.054094580424736846,0.01,0.03870454263753903,1.346357157544042,0.12055221484351072,0.008190738341478994,0.7370029067294323,0.3393917830933124,-0.0003912930956066485,0.07382566523449399,2.7526033116840978,2.61175592886554,1.9124198968733799,0.6993360319921602,1.400305691351196,0.8401834148107179,0.5601222765404781,0.05409502051855795,0.01,0.03870478432690512,1.3463536330739232,0.12055206629685145,0.008190748765073232
2207,0.7370030307728714,0.33939095766707483,-0.0003912763019868759,0.07382567726486382,2.752634386912774,2.611767449817,1.9124509915999555,0.6993164582170445,1.4003056588546972,0.8401833953128184,0.5601222635418788,0.05409458466777576,0.01,0.03870454486594215,1.3463571235534628,0.12055221299624558,0.008190738448856899,0.7370029139799098,0.3393917231640119,-0.00039129003498339365,0.07382566538409399,2.7526055257044413,2.6117567485988022,1.9124221210076398,0.6993346275911627,1.4003056744946685,0.8401834046968014,0.5601222697978671,0.05409498834586418,0.01,0.038704766729769226,1.346353890716263,0.12055207676897892,0.008190748007278734
2208,0.7370030280325388,0.33939096599504565,-0.000391276910184965,0.07382567640230032,2.752634050670671,2.611767319331202,1.912450649381027,0.6993166699501752,1.400305668816073,0.840183401289644,0.5601222675264291,0.054094588475704544,0.01,0.03870454686664057,1.3463570930475224,0.12055221128061226,0.00819073854547962,0.7370029205594075,0.3393916682137291,-0.00039128734482642147,0.07382566546593039,2.7526075554411427,2.6117574995588146,1.9124241590203117,0.6993333405385029,1.4003056607013844,0.840183396420831,0.5601222642805535,0.05409495878715965,0.01,0.038704750549134484,1.3463541274248456,0.12055208635359713,0.008190747312098815
2209,0.7370030253729365,0.33939097355877007,-0.00039127737726836476,0.07382567554789878,2.7526337416710716,2.611767199193719,1.9124503353146824,0.6993168638790361,1.4003056772606481,0.840183406356389,0.5601222709042591,0.05409459188598631,0.01,0.038704548659093826,1.3463570657261978,0.12055220968643983,0.008190738632379726,0.7370029265135115,0.3393916178165892,-0.00039128498104795684,0.0738256654845996,2.752609416333168,2.611758187517794,1.9124260266106476,0.6993321609071464,1.4003056495375334,0.8401833897225204,0.5601222598150131,0.05409493162130502,0.01,0.038704735666268184,1.3463543449706226,0.12055209512287712,0.008190746674118711
2210,0.7370030227944357,0.3393909804264487,-0.00039127771736838235,0.07382567470169432,2.75263345764317,2.611767088551722,1.9124500470299048,0.699317041521817,1.4003056843554416,0.8401834106132651,0.5601222737421765,0.05409459493236579,0.01,0.038704550260797305,1.346357041319244,0.12055220820425187,0.00819073871046282,0.7370029318851045,0.33939157158297145,-0.0003912829042607424,0.07382566544442562,2.752611122536252,2.611758817767577,1.9124277381634434,0.6993310796041334,1.4003056406213474,0.8401833843728088,0.5601222562485386,0.054094906645729454,0.01,0.03870472197231061,1.346354544975845,0.12055210314331777,0.008190746088390481
2211,0.7370030202960887,0.33939098665927875,-0.0003912779433790925,0.07382567386358996,2.7526331965257644,2.6117669866280133,1.9124497823752602,0.6993172042527531,1.4003056902508402,0.8401834141505041,0.560122276100336,0.05409459764541631,0.01,0.03870455168759134,1.3463570195818164,0.120552206825402,0.008190738780535084,0.7370029367151996,0.3393915291570432,-0.00039128107900071596,0.07382566534954371,2.752612687020972,2.61175939515834,1.912429306850542,0.6993300883077981,1.400305633617383,0.8401833801704301,0.5601222534469528,0.05409488367501925,0.01,0.038704709367545734,1.346354728925367,0.12055211047637067,0.008190745550404537
2212,0.7370030178763318,0.3393909923125703,-0.00039127806691655054,0.07382567303342724,2.7526329564423024,2.6117668927135678,1.9124495393930947,0.6993173533204731,1.400305695082013,0.8401834170492078,0.5601222780328051,0.054094600052932484,0.01,0.03870455295387819,1.3463570002913203,0.12055220554205193,0.008190738843321617,0.7370029410433299,0.33939149021412934,-0.00039127947325860724,0.07382566520393939,2.752614121668739,2.611759924135264,1.9124307447298192,0.6993291794054448,1.4003056282315323,0.8401833769389198,0.5601222512926125,0.05409486253952581,0.01,0.03870469776067142,1.3463548981777924,0.12055211717885962,0.00819074505605674
2213,0.7370030155333064,0.3393909974364512,-0.00039127809842431915,0.07382567221101818,2.7526327356831306,2.6117668061616746,1.912449316300942,0.6993174898607326,1.4003056989703146,0.8401834193821888,0.5601222795881259,0.05409460218020644,0.01,0.03870455407276921,1.3463569832452054,0.1205522043470809,0.008190738899477346,0.7370029449075798,0.33939145445800356,-0.0003912780582002867,0.07382566501145185,2.752615437364194,2.611760408772838,1.9124320628402263,0.6993283459326116,1.4003056242066116,0.8401833745239674,0.5601222496826442,0.05409484308401666,0.01,0.0387046870680845,1.346355053976277,0.12055212330328786,0.008190744601612664
2214,0.7370030132649374,0.33939100207638395,-0.00039127804732011495,0.07382567139615324,2.7526325326897343,2.6117667263821818,1.9124491114749675,0.6993176149072142,1.4003057020246115,0.8401834212147669,0.5601222808098446,0.05409460405026608,0.01,0.038704555056208505,1.3463569682590526,0.12055220323397599,0.008190738949594323,0.7370029483444127,0.33939142161830305,-0.0003912768079601392,0.07382566477575672,2.752616644079731,2.6117608528057046,1.912433271288696,0.6993275815170084,1.4003056213183909,0.8401833727910349,0.5601222485273559,0.05409482516643436,0.01,0.038704677213219546,1.3463551974584684,0.12055212889809423,0.008190744183672456
2215,0.7370030110690122,0.3393910062736441,-0.00039127792208515366,0.07382567058860914,2.752632346040244,2.6117666528362204,1.9124489234347513,0.6993177294014692,1.4003057043424885,0.840183422605493,0.5601222817369955,0.05409460568409433,0.01,0.038704555915086626,1.346356955164821,0.12055220219677946,0.008190738994208396,0.7370029513885485,0.33939139144819586,-0.00039127569939817475,0.0738256645003538,2.7526177509523864,2.611761259656804,1.9124343793291918,0.699326880327612,1.4003056193719903,0.8401833716231946,0.5601222477487957,0.05409480865676901,0.01,0.03870466812594872,1.346355329665534,0.1205521340079389,0.00819074379913934
2216,0.737003008943212,0.3393910100657614,-0.00039127773036097546,0.07382566978815214,2.752632174435322,2.611766585030969,1.9124487508285108,0.6993178342024577,1.400305706011352,0.8401834236068111,0.5601222824045409,0.05409460710084044,0.01,0.03870455665935017,1.3463569438091527,0.12055220123002326,0.008190739033805263,0.7370029540728368,0.33939136372227496,-0.000391274711891737,0.07382566418855449,2.7526187663529504,2.611761632462639,1.9124353954337807,0.6993262370288587,1.4003056181986153,0.8401833709191696,0.5601222472794457,0.05409479343604397,0.01,0.038704659742041736,1.346355451550284,0.12055213867394997,0.008190743445191061
2217,0.7370030068851445,0.3393910134869227,-0.00039127747902406584,0.0738256689945411,2.752632016685287,2.6117665225148814,1.912448592419631,0.6993179300952506,1.4003057071094271,0.8401834242656562,0.560122282843771,0.05409460831801273,0.01,0.03870455729810185,1.3463569340518347,0.12055220032868168,0.008190739068825953,0.7370029564281891,0.3393913382346565,-0.0003912738271217575,0.07382566384347511,2.7526196979492235,2.611761974096516,1.9124363273576672,0.6993256467388484,1.400305617652593,0.8401833705915561,0.5601222470610369,0.054094779395389474,0.01,0.0387046520026732,1.3463555639845892,0.12055214293397162,0.008190743119254357
2218,0.7370030048923477,0.3393910165683103,-0.0003912771742690391,0.07382566820752803,2.7526318716989704,2.6117664648734964,1.912448447074973,0.6993180177985234,1.4003057077066623,0.8401834246239973,0.560122283082665,0.05409460935164488,0.01,0.03870455783968604,1.3463569257644599,0.12055219948811964,0.00819073909967134,0.7370029584835184,0.33939131479723283,-0.0003912730288851973,0.07382566346803077,2.752620552764186,2.611762287189908,1.9124371821989716,0.6993251049909366,1.4003056176086897,0.8401833705652141,0.5601222470434756,0.054094766435191205,0.01,0.03870464485396949,1.3463556677662,0.12055214682278234,0.008190742818981502
2219,0.737003002962294,0.3393910193383803,-0.00039127682168244027,0.07382566742685846,2.7526317384745416,2.611766411725961,1.9124483137552164,0.699318097970745,1.400305707865542,0.8401834247193252,0.5601222831462169,0.054094610216433484,0.01,0.03870455829175935,1.3463569188293318,0.12055219870404903,0.00819073912670582,0.7370029602657177,0.33939129323806894,-0.0003912723029155657,0.07382566306493338,2.7526213372300656,2.6117625741524,1.912437966454252,0.6993246076981483,1.400305617959689,0.8401833707758137,0.5601222471838754,0.054094754464300954,0.01,0.03870463824658871,1.346355763625068,0.12055215037230918,0.008190742542228936
2220,0.7370030010923766,0.3393910218230981,-0.00039127642632241777,0.07382566665227,2.7526316160915085,2.6117663627219616,1.9124481915064142,0.6993181712155474,1.400305707641824,0.8401834245850942,0.5601222830567297,0.05409461092585767,0.01,0.03870455866135121,1.3463569131385031,0.1205521979724832,0.008190739150260412,0.7370029617996541,0.339391273399936,-0.0003912716367227703,0.07382566263669113,2.752622057238035,2.6117628371900343,1.9124386860695108,0.6993241511205237,1.4003056186142062,0.840183371168524,0.5601222474456822,0.054094743399311696,0.01,0.03870463213533487,1.3463558522291506,0.1205521536118224,0.008190742287037837
2221,0.7370029992799049,0.3393910240461543,-0.0003912759927734988,0.07382566588349197,2.7526315037034923,2.6117663175389643,1.9124480794523766,0.6993182380865874,1.4003057070851932,0.8401834242511157,0.5601222828340775,0.054094611492287184,0.01,0.03870455895491913,1.3463569085929106,0.12055219728970455,0.008190739170635555,0.7370029631081987,0.33939125513899027,-0.0003912710194292346,0.07382566218561139,2.752622718183672,2.6117630783221895,1.9124393464868399,0.6993237318353497,1.4003056194947199,0.8401833716968323,0.5601222477978876,0.054094733163896236,0.01,0.03870462647880613,1.3463559341897067,0.12055215656812758,0.008190742051616729
2222,0.7370029975221136,0.3393910260291667,-0.0003912755252002964,0.0738256651202462,2.7526314005316843,2.6117662758797544,1.9124479767877711,0.6993182990919832,1.4003057062398558,0.8401834237439132,0.5601222824959426,0.0540946119270809,0.01,0.038704559178399045,1.3463569051015873,0.12055219665223862,0.008190739188103861,0.7370029642122866,0.3393912383235821,-0.000391270441615299,0.07382566171380686,2.7526233250085057,2.611763299397073,1.9124399526870217,0.6993233467100515,1.400305620535806,0.8401833723214841,0.5601222482143219,0.05409472368820438,0.01,0.038704621239074394,1.3463560100661263,0.12055215926574994,0.008190741834326026
2223,0.7370029958161748,0.33939102779186686,-0.0003912750273864507,0.07382566436224837,2.7526313058589325,2.6117662374702277,1.9124478827718896,0.6993183546983381,1.400305705145072,0.8401834230870429,0.5601222820580292,0.05409461224067587,0.01,0.038704559337251004,1.346356902580948,0.12055219605683296,0.008190739202912611,0.7370029651310006,0.339391222833184,-0.0003912698951649557,0.07382566122320397,2.7526238822380513,2.6117635021059837,1.912440509228515,0.6993229928774687,1.4003056216825596,0.8401833730095362,0.5601222486730234,0.05409471490831222,0.01,0.03870461638139283,1.346356080370338,0.12055216172710881,0.00819074163366424
2224,0.7370029941592212,0.3393910293522706,-0.0003912745027680742,0.0738256636092102,2.752631219024482,2.6117662020574492,1.9124477967230997,0.6993184053343497,1.4003057038356381,0.8401834223013825,0.5601222815342556,0.05409461244266721,0.01,0.03870455943650021,1.346356900954151,0.1205521955004403,0.008190739215286185,0.7370029658816736,0.33939120855741917,-0.0003912693731299016,0.07382566071555316,2.7526243940167214,2.611763687996448,1.9124410202832047,0.6993226677132431,1.4003056228891941,0.8401833737335168,0.5601222491556773,0.054094706765718065,0.01,0.03870461187392822,1.3463561455708493,0.12055216397268362,0.008190741448255618
2225,0.7370029925483704,0.33939103072683235,-0.0003912739544647409,0.07382566286084194,2.7526311394193193,2.611766169407945,1.9124477180139237,0.6993184513940212,1.4003057023423267,0.8401834214053957,0.560122280936931,0.054094612541878834,0.01,0.03870455948077348,1.3463569001505298,0.12055219498020435,0.008190739225428168,0.7370029664800006,0.3393911953951795,-0.00039126886959540974,0.07382566019244012,2.752624864139921,2.6117638584843395,1.9124414896692448,0.6993223688150948,1.400305624117793,0.8401833744706761,0.5601222496471168,0.05409469920688036,0.01,0.038704607687515394,1.3463562060964427,0.1205521660211697,0.008190741276839015
2226,0.7370029909807482,0.33939103193058434,-0.00039127338530746403,0.07382566211685476,2.752631066482003,2.6117661393061757,1.9124476460666324,0.6993184932395435,1.4003057006922848,0.8401834204153706,0.5601222802769141,0.05409461254642711,0.01,0.03870455947433188,1.3463569001050844,0.12055219449344746,0.008190739233523352,0.7370029669401572,0.33939118325382606,-0.00039126837955980043,0.0738256596552977,2.752625296083495,2.6117640148650336,1.9124419208811667,0.6993220939838671,1.4003056253372137,0.8401833752023286,0.5601222501348851,0.054094692182794196,0.01,0.0387046037954323,1.3463562623395713,0.12055216788962354,0.008190741118257908
2227,0.7370029894535183,0.33939103297726614,-0.0003912727978590963,0.07382566137696359,2.7526309996949085,2.6117661115531865,1.9124475803492698,0.6993185312039167,1.4003056989093985,0.8401834193456388,0.5601222795637597,0.05409461246377851,0.01,0.038704559421100404,1.346356900758021,0.12055219403766118,0.008190739239739597,0.7370029672749233,0.33939117204846253,-0.0003912678988246543,0.0738256591054183,2.752625693030761,2.611764158323666,1.912442317117487,0.6993218412061795,1.4003056265221225,0.8401833759132739,0.5601222506088487,0.05409468564860395,0.01,0.038704600173194034,1.3463563146594586,0.12055216959360072,0.00819074097145137
2228,0.737002987963912,0.33939103387944186,-0.0003912721944330788,0.0738256606408902,2.7526309385809085,2.611766085965412,1.9124475203721327,0.6993185655932794,1.400305697014627,0.8401834182087758,0.5601222788058512,0.05409461230080065,0.01,0.03870455932469437,1.346356902054339,0.12055219361050011,0.008190739244229502,0.737002967495811,0.33939116170127714,-0.0003912674238893826,0.07382565854396675,2.7526260578973667,2.6117642899446096,1.912442681306079,0.6993216086385305,1.4003056276521457,0.8401833765912877,0.560122251060858,0.05409467956324762,0.01,0.03870459679836373,1.3463563633849465,0.12055217114728545,0.00819074083544599
2229,0.7370029865092396,0.33939103464860676,-0.00039127157711850435,0.07382565990836434,2.75263088270004,2.6117660623734436,1.9124474656842558,0.6993185966891879,1.4003056950263078,0.8401834170157843,0.5601222780105235,0.0540946120638129,0.01,0.03870455918844531,1.3463569039434304,0.12055219320976975,0.008190739247131927,0.7370029676131725,0.3393911521409417,-0.0003912669518630896,0.07382565797199116,2.7526263933537796,2.6117644107200038,1.912443016127098,0.6993213945929058,1.4003056287111353,0.8401833772266815,0.5601222514844538,0.05409467388913529,0.01,0.03870459365038119,1.346356408817072,0.12055217256360515,0.008190740709348478
2230,0.737002985086917,0.3393910352952893,-0.0003912709477870008,0.0738256591791263,2.7526308316465973,2.611766040620989,1.9124474158703384,0.6993186247506507,1.4003056929604323,0.840183415776259,0.5601222771841733,0.05409461175863094,0.01,0.03870455901542408,1.3463569063787213,0.12055219283342643,0.008190739248573432,0.737002967636318,0.33939114330206976,-0.0003912664803748245,0.07382565739043466,2.752626701846013,2.6117645215576726,1.9124433240340983,0.6993211975235742,1.4003056296865242,0.8401833778119148,0.5601222518746094,0.05409466859185359,0.01,0.038704590710405516,1.3463564512314323,0.12055217385434693,0.008190740592339039
2231,0.7370029836944755,0.3393910358291381,-0.0003912703081141028,0.07382565845292798,2.752630785046473,2.6117660205638886,1.9124473705479315,0.6993186500159573,1.4003056908309033,0.8401834144985416,0.5601222763323617,0.05409461139060716,0.01,0.038704558808461506,1.3463569093173455,0.12055219247956708,0.0081907392486695,0.7370029675736207,0.33939113512471825,-0.000391266007503957,0.07382565680014597,2.752626985614621,2.6117646232883533,1.9124436072733573,0.6993210160149962,1.4003056305687722,0.8401833783412636,0.5601222522275087,0.05409466363989515,0.01,0.03870458796117061,1.346356490880353,0.12055217503025603,0.008190740483665325
2232,0.7370029823295762,0.3393910362590027,-0.00039126965959362936,0.0738256577295343,2.7526307425547065,2.611766002069218,1.912447329364849,0.699318672704369,1.4003056886497633,0.8401834131898577,0.5601222754599057,0.054094610964668145,0.01,0.03870455857016772,1.34635691271985,0.12055219214642308,0.008190739247525683,0.7370029674326144,0.3393911275539329,-0.0003912655317115793,0.07382565620188923,2.752627246712081,2.611764716672319,1.9124438679015512,0.6993208487707676,1.4003056313508828,0.8401833788105298,0.560122252540353,0.05409465900441124,0.01,0.03870458538685303,1.346356527994867,0.12055217610112885,0.008190740382636879
2233,0.7370029809900169,0.3393910365930064,-0.00039126900355132554,0.07382565700872386,2.752630703853237,2.6117659850144532,1.9124472919967932,0.6993186930176598,1.4003056864274066,0.8401834118564436,0.560122274570963,0.05409461048534851,0.01,0.03870455830294943,1.3463569165499192,0.12055219183235313,0.00819073924523858,0.7370029672200838,0.33939112053933296,-0.00039126505178516124,0.07382565559635305,2.752627487018712,2.6117648024054305,1.912444107801917,0.6993206946035135,1.4003056320279914,0.840183379216795,0.5601222528111964,0.05409465465898565,0.01,0.03870458297295093,1.3463565627865273,0.12055217707589824,0.008190740288620109
2234,0.7370029796737354,0.3393910368386103,-0.00039126834116158526,0.07382565629028931,2.752630668648811,2.611765969286682,1.9124472581451495,0.6993187111415327,1.4003056841727695,0.8401834105036613,0.5601222736691082,0.05409460995682258,0.01,0.03870455800902618,1.346356920774123,0.12055219153583714,0.008190739241896733,0.7370029669421455,0.3393911140347311,-0.0003912645667866338,0.07382565498415865,2.7526277082572177,2.6117648811246674,1.9124443286990127,0.6993205524256547,1.4003056325970082,0.8401833795582051,0.5601222530388031,0.05409465057942803,0.01,0.03870458070617326,1.3463565954490617,0.12055217796271182,0.008190740201033624
2235,0.7370029783788118,0.33939103700267365,-0.00039126767345709634,0.07382565557403759,2.7526306366710593,2.611765954781884,1.9124472275349584,0.6993187272469256,1.4003056818935022,0.8401834091361009,0.5601222727574013,0.0540946093829332,0.01,0.03870455769044512,1.346356925361686,0.12055219125546937,0.008190739237581405,0.7370029666043215,0.33939110799778555,-0.0003912640760081604,0.07382565436586716,2.752627912006015,2.6117649534131804,1.9124445321722259,0.6993204212409546,1.400305633056315,0.8401833798337892,0.5601222532225258,0.05409464674358489,0.01,0.03870457857433832,1.3463566261598845,0.12055217876900287,0.008190740119344016
2236,0.7370029771034668,0.33939103709150603,-0.0003912670013448971,0.07382565485978963,2.752630607670709,2.6117659414042445,1.912447199913034,0.6993187414912103,1.4003056795961264,0.8401834077576754,0.560122271838451,0.05409460876721852,0.01,0.03870455734909463,1.3463569302842733,0.12055219098995175,0.008190739232367293,0.7370029662116058,0.33939110238968156,-0.0003912635789354718,0.07382565374198632,2.752628099711414,2.61176501980491,1.9124447196681107,0.6993203001367989,1.4003056334055046,0.8401833800433031,0.5601222533622016,0.05409464313116688,0.01,0.03870457656628086,1.3463566550814825,0.12055217950155528,0.00819074004306198
2237,0.7370029758460583,0.33939103711091556,-0.0003912663256162019,0.07382565414738013,2.7526305814179417,2.611765929065526,1.9124471750462386,0.6993187540192871,1.4003056772861726,0.8401834063717031,0.5601222709144695,0.05409460811293637,0.01,0.03870455698671683,1.3463569355157943,0.12055219073808746,0.008190739226323136,0.7370029657685194,0.3393910971748379,-0.0003912630752130192,0.07382565311297618,2.7526282726987583,2.6117650807887878,1.9124448925116626,0.6993201882771252,1.4003056336451591,0.8401833801870958,0.5601222534580633,0.05409463972359081,0.01,0.03870457467176694,1.3463566823626782,0.1205521801665622,0.008190739971738676
2238,0.7370029746050755,0.33939103706625157,-0.0003912656469591269,0.07382565343665685,2.7526305577008676,2.6117659176844787,1.912447152719884,0.6993187649645944,1.4003056749683067,0.8401834049809835,0.5601222699873232,0.054094607423086805,0.01,0.03870455660491905,1.3463569410322231,0.12055219049877422,0.008190739219512242,0.7370029652791642,0.3393910923206389,-0.0003912625646181195,0.0738256524792542,2.752628432182638,2.611765136812596,1.9124450519166407,0.6993200848959555,1.400305633776662,0.8401833802659975,0.5601222535106645,0.054094636503835,0.01,0.03870457288141585,1.3463567081397896,0.12055218076967955,0.008190739904962469
2239,0.7370029733791313,0.3393910369624425,-0.00039126496596778026,0.07382565272747998,2.7526305363241246,2.6117659071862884,1.912447132736261,0.6993187744500274,1.40030567264644,0.8401834035878635,0.5601222690585765,0.054094606700432805,0.01,0.03870455620518446,1.346356946811433,0.12055219027099787,0.00819073921199297,0.737002964747266,0.339391087797188,-0.0003912620470362116,0.07382565184119973,2.7526285792762226,2.6117651882864776,1.912445198995,0.6993199892914777,1.400305633802037,0.8401833802812225,0.5601222535208145,0.054094633456307065,0.01,0.03870457118662872,1.3463567325376866,0.12055218131607413,0.008190739842355858
2240,0.7370029721669563,0.3393910368040315,-0.0003912642831560287,0.0738256520197213,2.752630517107588,2.6117658975020777,1.91244711491329,0.6993187825887875,1.4003056703238312,0.8401834021942982,0.560122268129533,0.05409460594751914,0.01,0.038704555788881614,1.3463569528330437,0.12055219005382597,0.00819073920381916,0.7370029641762144,0.3393910835770803,-0.00039126152243991463,0.07382565119915802,2.75262871499982,2.6117652355861463,1.9124453347655312,0.6993199008206152,1.4003056337238138,0.8401833802342885,0.5601222534895253,0.05409463056672284,0.01,0.0387045695795229,1.3463567556707645,0.12055218181046778,0.008190739783572688
2241,0.7370029709673896,0.33939103659520686,-0.0003912635989621188,0.07382565131326341,2.7526304998851807,2.61176588856843,1.9124470990832794,0.6993187894851506,1.4003056680031698,0.8401834008019013,0.5601222672012685,0.05409460516668981,0.01,0.03870455535727343,1.346356959078284,0.12055218984640201,0.008190739195040497,0.737002963569098,0.33939107963519594,-0.0003912609908746645,0.07382565055344364,2.7526288402886956,2.6117652790558257,1.9124454601617473,0.6993198188940781,1.400305633544913,0.8401833801269482,0.560122253417965,0.05409462782199551,0.01,0.038704568052871965,1.3463567776438277,0.12055218225717682,0.008190739728295572
2242,0.7370029697793713,0.33939103633983136,-0.00039126291376051503,0.07382565060799878,2.7526304845037775,2.611765880326966,1.9124470850917838,0.6993187952351821,1.4003056656866568,0.8401833994119936,0.5601222662746632,0.05409460436010398,0.01,0.03870455491152534,1.3463569655298615,0.1205521896479392,0.008190739185702851,0.7370029629287348,0.33939107594850826,-0.00039126045244090857,0.0738256499043436,2.752628956000244,2.6117653190109236,1.9124455760391132,0.6993197429718103,1.4003056332685504,0.8401833799611306,0.5601222533074198,0.05409462521013446,0.01,0.03870456660005064,1.346356798552903,0.12055218266014853,0.008190739676233502
2243,0.7370029686019344,0.3393910360414677,-0.0003912622278689909,0.07382564990382912,2.752630470822189,2.6117658727239355,1.9124470727965466,0.699318799927389,1.4003056633760718,0.8401833980256426,0.5601222653504292,0.05409460352975075,0.01,0.03870455445271287,1.346356972171847,0.12055218945771581,0.00819073917584859,0.7370029622576999,0.3393910724959102,-0.00039125990728373916,0.07382564925212001,2.7526290629205454,2.6117653557404923,1.912445683181652,0.6993196725588402,1.400305632898155,0.8401833797388932,0.5601222531592617,0.054094622720152266,0.01,0.03870456521498439,1.3463568184859827,0.12055218302299374,0.008190739627119682
2244,0.7370029674341964,0.3393910357034021,-0.00039126154155461057,0.07382564920066437,2.752630458710231,2.6117658657098515,1.9124470620665321,0.6993188036433196,1.4003056610728322,0.8401833966436988,0.5601222644291334,0.05409460267746265,0.01,0.03870455398182852,1.3463569789895646,0.12055218927506907,0.008190739165516834,0.7370029615583493,0.3393910692580525,-0.000391259355582832,0.07382564859701252,2.7526291617703698,2.6117653895094586,1.9124457823079881,0.6993196072014705,1.4003056324373024,0.8401833794623818,0.5601222529749207,0.05409462034198005,0.01,0.03870456389210328,1.3463568375237025,0.12055218334901671,0.008190739580709528
2245,0.7370029662753542,0.3393910353286668,-0.0003912608550398766,0.07382564849842199,2.7526304480478583,2.61176585923915,1.912447052781031,0.6993188064581192,1.4003056587780462,0.8401833952668272,0.5601222635112191,0.05409460180492814,0.01,0.03870455349978831,1.3463569859694928,0.12055218909939137,0.008190739154743745,0.7370029608328426,0.33939106621719844,-0.0003912587975433146,0.07382564793924043,2.7526292532106607,2.611765420560675,1.912445874076865,0.6993195464838098,1.400305631889659,0.8401833791337957,0.5601222527558632,0.054094618066389905,0.01,0.038704562626299774,1.346356855739965,0.1205521836412421,0.008190739536778822
2246,0.7370029651246749,0.3393910349200595,-0.0003912601685105016,0.0738256477970263,2.752630438724368,2.611765853269873,1.9124470448288329,0.6993188084410402,1.4003056564925591,0.8401833938955349,0.5601222625970242,0.05409460091370316,0.01,0.038704553007437706,1.3463569930991703,0.12055218893012504,0.008190739143562716,0.7370029600831589,0.339391063357087,-0.00039125823338830024,0.07382564727900452,2.75262933784757,2.611765449116784,1.9124459590922098,0.6993194900245739,1.4003056312589333,0.8401833787553603,0.560122252503573,0.05409461588492377,0.01,0.038704561412889846,1.346356873202505,0.12055218390243952,0.008190739495122012
2247,0.7370029639814906,0.33939103448016167,-0.00039125948211674033,0.07382564709640765,2.75263043063766,2.611765847763377,1.9124470381074659,0.6993188096559113,1.4003056542169914,0.8401833925301943,0.5601222616867971,0.05409460000522176,0.01,0.038704552505557065,1.346357000367113,0.12055218876675872,0.008190739132004611,0.737002959311117,0.33939106066281155,-0.00039125766335301737,0.07382564661648873,2.7526294162370397,2.6117654753819277,1.9124460379077353,0.6993194374741922,1.4003056305488402,0.8401833783293045,0.5601222522195357,0.05409461378982885,0.01,0.03870456024757774,1.3463568899734113,0.12055218413514586,0.008190739455550674
2248,0.7370029628451916,0.3393910340113558,-0.0003912587959818553,0.0738256463965017,2.7526304236935575,2.6117658426840658,1.912447032522493,0.6993188101615726,1.4003056519517756,0.8401833911710647,0.5601222607807109,0.05409459908080583,0.01,0.038704551994866776,1.346357007762734,0.12055218860882297,0.008190739120097946,0.7370029585183896,0.3393910581207052,-0.0003912570876803967,0.07382564595186147,2.7526294888890233,2.611765499543309,1.9124461110311817,0.6993193885121276,1.4003056297630687,0.8401833778578416,0.5601222519052271,0.05409461177399805,0.01,0.03870455912642352,1.3463569061096006,0.12055218434168559,0.008190739417892095
2249,0.7370029617152215,0.33939103351584066,-0.00039125811020204737,0.07382564569724887,2.7526304178051753,2.6117658379991395,1.912447027986865,0.6993188100122743,1.4003056496971849,0.8401833898183102,0.5601222598788747,0.05409459814167432,0.01,0.03870455147603201,1.3463570152762725,0.12055218845588714,0.00819073910786907,0.7370029577065149,0.3393910557182378,-0.00039125650661636646,0.07382564528527699,2.7526295562713203,2.6117655217726163,1.9124461789281664,0.6993193428444499,1.400305628905256,0.840183377343154,0.560122251562102,0.054094609830915796,0.01,0.038704558045813214,1.3463569216632525,0.12055218452418905,0.008190739381987944
2250,0.7370029605910714,0.3393910329956457,-0.00039125742485257575,0.07382564499859363,2.752630412892352,2.611765833678376,1.912447024420338,0.6993188092580378,1.4003056474533584,0.8401833884720143,0.560122258981344,0.05409459718895131,0.01,0.03870455094966695,1.3463570228987245,0.12055218830755558,0.008190739095342318,0.7370029568769106,0.3393910534439209,-0.00039125592040693824,0.07382564461687652,2.7526296188131094,2.611765542227327,1.912446242025728,0.6993193002015992,1.4003056279789683,0.8401833767873814,0.5601222511915869,0.05409460795460845,0.01,0.038704557002431805,1.3463569366822068,0.12055218468460915,0.00819073934769309
2251,0.7370029594722749,0.33939103245264357,-0.0003912567399892708,0.07382564430048393,2.752630408881105,2.611765829693909,1.9124470217489098,0.6993188079449989,1.4003056452203262,0.8401833871321951,0.5601222580881311,0.05409459622367392,0.01,0.0387045504163389,1.3463570306217858,0.12055218816346498,0.008190739082540177,0.7370029560308816,0.3393910512872193,-0.00039125532929563944,0.07382564394678892,2.752629676908172,2.6117655610518984,1.9124463007155608,0.6993192603363377,1.4003056269876846,0.8401833761926112,0.5601222507950734,0.054094606139598746,0.01,0.03870455599323823,1.3463569512103282,0.12055218482473654,0.008190739314874459
2252,0.7370029583584037,0.3393910318885625,-0.0003912560556520589,0.07382564360287039,2.752630405703151,2.6117658260200463,1.912447019904336,0.6993188061157102,1.400305642998026,0.840183385798815,0.560122257199211,0.05409459524679914,0.01,0.03870454987657191,1.3463570384377923,0.12055218802328105,0.008190739069483395,0.7370029551696321,0.33939104923847285,-0.00039125473351984963,0.07382564327513161,2.752629730917842,2.6117655783788614,1.9124463553569715,0.6993192230218901,1.4003056259347837,0.8401833755608706,0.560122250373913,0.05409460438086439,0.01,0.03870455501544255,1.3463569652878373,0.12055218494621321,0.008190739283410091
2253,0.7370029572490627,0.3393910313049968,-0.0003912553718665307,0.07382564290570577,2.7526304032954525,2.6117658226330875,1.912447018823661,0.6993188038094265,1.4003056407863204,0.8401833844717915,0.5601222563145288,0.05409459425921044,0.01,0.03870454933085013,1.3463570463396675,0.12055218788669583,0.008190739056191122,0.7370029542942705,0.3393910472888212,-0.0003912541333116887,0.07382564260201112,2.7526297811737135,2.611765594329812,1.9124464062795918,0.6993191880502203,1.4003056248235355,0.8401833748941218,0.5601222499294137,0.05409460267379995,0.01,0.03870455406648511,1.346356978951617,0.12055218505054521,0.008190739253188126
2254,0.7370029561438876,0.33939103070341725,-0.0003912546886456758,0.07382564220894436,2.752630401599799,2.6117658195111613,1.9124470184487934,0.6993188010623679,1.4003056385850103,0.8401833831510056,0.5601222554340047,0.054094593261723875,0.01,0.038704548779621144,1.3463570543208776,0.12055218775342569,0.008190739042681024,0.7370029534058196,0.339391045430138,-0.00039125352889435305,0.07382564192752356,2.7526298279801127,2.6117656090163264,1.912446453785856,0.6993191552304705,1.4003056236570934,0.8401833741942566,0.5601222494628368,0.054094601014182175,0.01,0.03870455314401741,1.3463569922354885,0.1205521851391138,0.008190739224106004
2255,0.7370029550425383,0.3393910300851797,-0.00039125400599046567,0.07382564151254117,2.75263040056243,2.6117658166340756,1.9124470187261218,0.6993187979079538,1.4003056363938478,0.840183381836308,0.5601222545575397,0.05409459225509354,0.01,0.038704548223298746,1.3463570623753829,0.12055218762320849,0.008190739028969359,0.7370029525052199,0.3393910436549681,-0.0003912529204816717,0.07382564125175498,2.752629871616365,2.6117656225407924,1.9124464981532707,0.6993191243875216,1.4003056224384898,0.8401833734630945,0.5601222489753953,0.054094599398138335,0.01,0.03870455224588466,1.346357005170467,0.12055218521318585,0.008190739196069649
2256,0.7370029539446974,0.33939102945153377,-0.00039125332389436385,0.07382564081645115,2.752630400133672,2.611765813983176,1.9124470196061454,0.6993187943770305,1.4003056342125453,0.8401833805275266,0.5601222536850187,0.05409459124001687,0.01,0.038704547662265706,1.3463570704975973,0.12055218749580181,0.008190739015071098,0.7370029515933368,0.33939104195647146,-0.0003912523082771485,0.07382564057478141,2.7526299123388647,2.6117656349971687,1.9124465396364845,0.699319095360684,1.4003056211706326,0.8401833727023802,0.5601222484682524,0.054094597822117035,0.01,0.03870455137010971,1.3463570177849933,0.1205521852739231,0.008190739168992756
2257,0.7370029528500665,0.3393910288036308,-0.0003912526423399676,0.07382564012062855,2.7526304002676163,2.6117658115412197,1.9124470210431468,0.6993187904980728,1.4003056320407834,0.8401833792244695,0.5601222528163139,0.05409459021713957,0.01,0.0387045470968764,1.3463570786823507,0.12055218737098056,0.008190739000999996,0.7370029506709652,0.33939104032837125,-0.0003912516924719778,0.07382563989666895,2.7526299503829676,2.6117656464716803,1.912446578469185,0.6993190680024952,1.4003056198563033,0.8401833719137826,0.5601222479425207,0.05409459628286208,0.01,0.03870455051487855,1.346357030105145,0.12055218532239068,0.008190739142796145
2258,0.7370029517583607,0.3393910281425302,-0.00039125196130120055,0.07382563942502561,2.7526304009218037,2.6117658092922484,1.9124470229948738,0.6993187862973744,1.4003056298782175,0.84018337792693,0.5601222519512875,0.054094589187060185,0.01,0.038704546527459194,1.3463570869248493,0.12055218724853525,0.008190738986768675,0.7370029497388315,0.3393910387649059,-0.00039125107324591846,0.07382563921747343,2.7526299859647243,2.6117656570434518,1.91244661486583,0.6993190421776216,1.4003056184981564,0.8401833710988944,0.560122247399262,0.05409459477738815,0.01,0.03870454967852687,1.3463570421548297,0.12055218535956441,0.008190739117407097
2259,0.7370029506693069,0.33939102746920613,-0.00039125128074386784,0.0738256387295918,2.752630402056939,2.611765807221475,1.9124470254222492,0.699318781799226,1.400305627724484,0.84018337663469,0.5601222510897941,0.054094588150334647,0.01,0.03870454595431869,1.3463570952206412,0.12055218712826997,0.00819073897238866,0.7370029487975979,0.3393910372607854,-0.0003912504507650738,0.07382563853724014,2.7526300192824538,2.6117656667850797,1.912446649023222,0.6993190177618576,1.4003056170987187,0.8401833702592317,0.560122246839487,0.054094593302959244,0.01,0.03870454885952815,1.3463570539559586,0.1205521853863381,0.00819073909275883
2260,0.7370029495826376,0.33939102678455263,-0.0003912506006263222,0.073825638034272,2.7526304036366165,2.6117658053151724,1.9124470282890944,0.699318777026078,1.4003056255792043,0.8401833753475222,0.5601222502316822,0.054094587107480274,0.01,0.0387045453777379,1.346357103565583,0.1205521870100004,0.00819073895787047,0.737002947847863,0.3393910358111506,-0.00039124982518182194,0.07382563785600271,2.7526300505181927,2.6117656757631593,1.9124466811219576,0.6993189946412015,1.4003056156603908,0.840183369396235,0.5601222462641559,0.05409459185706843,0.01,0.03870454805648222,1.3463570655286081,0.12055218540352887,0.008190739068789966
2261,0.7370029484980852,0.3393910260893882,-0.00039124992089586974,0.07382563733900474,2.7526304056270647,2.611765803560565,1.9124470315618742,0.6993187719986906,1.400305623441985,0.8401833740651906,0.5601222493767944,0.054094586058980085,0.01,0.03870454479798028,1.3463571119558067,0.12055218689355128,0.008190738943223612,0.737002946890162,0.3393910344115356,-0.0003912491966327619,0.07382563717378193,2.752630079838997,2.611765684038753,1.9124467113277293,0.6993189727110234,1.4003056141854457,0.8401833685112678,0.5601222456741779,0.054094590437420174,0.01,0.03870454726810548,1.3463570768911626,0.12055218541188269,0.008190739045444
2262,0.7370029474153771,0.3393910253844594,-0.0003912492414920171,0.07382563664372023,2.752630407996896,2.6117658019457215,1.912447035209443,0.6993187667362787,1.4003056213124228,0.8401833727874533,0.5601222485249695,0.05409458500528674,0.01,0.03870454421529175,1.3463571203876872,0.12055218677875519,0.008190738928456601,0.7370029459249652,0.33939103305783275,-0.00039124856523772844,0.07382563649058416,2.7526301073981427,2.6117656916678156,1.9124467397925233,0.699318951875292,1.400305612676032,0.8401833676056195,0.5601222450704125,0.05409458904191408,0.01,0.038704546493221643,1.3463570880604427,0.12055218541207902,0.008190739022668862
2263,0.7370029463342264,0.3393910246704438,-0.00039124856234198924,0.07382563594833719,2.7526304107168675,2.61176580045945,1.9124470392028066,0.6993187612566436,1.4003056191901022,0.8401833715140609,0.5601222476760414,0.05409458394682668,0.01,0.03870454362990266,1.3463571288578096,0.12055218666544862,0.008190738913576986,0.7370029449526742,0.33939103174626006,-0.0003912479310999306,0.07382563580639873,2.752630133336199,2.6117656987015776,1.9124467666556952,0.6993189320458822,1.4003056111341723,0.8401833666805036,0.5601222444536686,0.054094587668630366,0.01,0.03870454573075345,1.346357099051823,0.12055218540473331,0.008190739000416447
2264,0.7370029452543231,0.33939102394795134,-0.0003912478833605626,0.07382563525275954,2.752630413759638,2.6117657990911844,1.9124470435148813,0.6993187555763032,1.400305617074595,0.8401833702447566,0.5601222468298385,0.054094582884004344,0.01,0.03870454304202969,1.3463571373629346,0.12055218655347094,0.008190738898591291,0.7370029439736179,0.33939103047333047,-0.0003912472943007339,0.0738256351211951,2.7526301577820007,2.611765705186877,1.9124467920449424,0.6993189131419347,1.4003056095617634,0.8401833657370583,0.5601222438247051,0.05409458631581724,0.01,0.03870454497971541,1.346357109879333,0.12055218539040158,0.008190738978642191
2265,0.7370029441753201,0.33939102321752396,-0.00039124720444599914,0.07382563455687113,2.7526304170995277,2.6117657978308615,1.912447048120254,0.6993187497106074,1.400305614965457,0.8401833689792737,0.5601222459861832,0.05409458181720651,0.01,0.03870454245187781,1.3463571458999657,0.12055218644265964,0.008190738883504967,0.7370029429880411,0.33939102923582104,-0.00039124665489921606,0.0738256344349178,2.752630180853516,2.6117657111664467,1.9124468160771713,0.6993188950892755,1.4003056079605742,0.8401833647763448,0.5601222431842294,0.05409458498187959,0.01,0.038704544239206926,1.3463571205557467,0.12055218536958079,0.008190738957304626
2266,0.7370029430968165,0.33939102247963415,-0.00039124652547953276,0.07382563386053007,2.7526304207122587,2.611765796668786,1.9124470529949256,0.6993187436738606,1.4003056128622224,0.840183367717333,0.5601222451448894,0.05409458074680726,0.01,0.03870454185964234,1.3463571544659052,0.12055218633284676,0.008190738868322256,0.7370029419960916,0.33939102803074467,-0.0003912460129282258,0.07382563374748125,2.7526302026586076,2.6117657166791544,1.9124468388592606,0.6993188778198937,1.4003056063322445,0.840183363799347,0.5601222425328976,0.05409458366536966,0.01,0.03870454350840667,1.3463571310926585,0.12055218534270959,0.008190738936364888
2267,0.7370029420183355,0.3393910217346804,-0.00039124584631738957,0.07382563316356036,2.7526304245746775,2.611765795595475,1.9124470581160407,0.6993187374794343,1.4003056107643954,0.8401833664586368,0.5601222443057586,0.05409457967317358,0.01,0.03870454126551123,1.346357163057816,0.120552186223854,0.00819073885304605,0.7370029409978021,0.33939102685532047,-0.0003912453683912742,0.07382563305876175,2.7526302232956885,2.6117657217601904,1.9124468604887217,0.6993188612714685,1.4003056046782776,0.8401833628069668,0.5601222418713108,0.054094582364979604,0.01,0.038704542786567556,1.3463571415005429,0.1205521853101681,0.008190738915786314
2268,0.7370029409392939,0.33939102098297985,-0.000391245166786916,0.0738256324657411,2.752630428664442,2.6117657946014647,1.9124470634615784,0.6993187311398861,1.4003056086714398,0.8401833652028635,0.5601222434685763,0.05409457859667152,0.01,0.03870454066966739,1.3463571716727656,0.12055218611548651,0.008190738837677633,0.7370029399930617,0.33939102570694335,-0.00039124472125365295,0.07382563236858691,2.7526302428542695,2.611765726441195,1.9124468810542499,0.6993188453869449,1.4003056030000323,0.8401833618000196,0.5601222412000126,0.05409458107953551,0.01,0.038704542073012355,1.3463571517888004,0.12055218527227547,0.008190738895533813
2269,0.7370029398589572,0.3393910202247542,-0.00039124448667895995,0.0738256317667906,2.7526304329596547,2.6117657936770655,1.9124470690099982,0.6993187246670675,1.4003056065827617,0.8401833639496565,0.5601222426331052,0.05409457751767335,0.01,0.038704540072290836,1.3463571803077734,0.12055218600752274,0.008190738822216263,0.737002938981575,0.3393910245831493,-0.00039124407143729945,0.07382563167672007,2.7526302614153746,2.6117657307503004,1.912446900636148,0.6993188301141522,1.4003056012987107,0.8401833607792267,0.560122240519484,0.05409457980799372,0.01,0.03870454136712995,1.3463571619657895,0.12055218522928313,0.00819073887557326
2270,0.7370029387763825,0.33939101946011174,-0.0003912438057400436,0.07382563106634688,2.7526304374384165,2.611765792812059,1.9124470747398046,0.6993187180722543,1.4003056044976874,0.8401833626986119,0.5601222417990754,0.05409457643656669,0.01,0.038704539473561846,1.3463571889597352,0.12055218589970056,0.008190738806658642,0.7370029379628061,0.33939102348157707,-0.00039124341881428826,0.07382563098284105,2.7526302790518224,2.6117657347120895,1.912446919306619,0.6993188154054706,1.400305599575339,0.8401833597452036,0.5601222398301354,0.05409457854943972,0.01,0.038704540668372776,1.3463571720388339,0.12055218518136462,0.008190738855870681
2271,0.7370029376903413,0.33939101868902005,-0.00039124312365718117,0.07382563036394102,2.752630442078281,2.611765791995299,1.9124470806290228,0.6993187113662762,1.4003056024154312,0.8401833614492583,0.5601222409661729,0.054094575353765606,0.01,0.038704538873664256,1.3463571976253346,0.12055218579170468,0.008190738790998194,0.7370029369359049,0.3393910223999246,-0.0003912427631898724,0.07382563028651984,2.7526302958283444,2.6117657383474526,1.912446937129901,0.6993188012175514,1.4003055978307384,0.8401833586984433,0.5601222391322951,0.05409457730309003,0.01,0.03870453997625495,1.3463571820142093,0.12055218512860583,0.008190738836391308
2272,0.7370029365992062,0.33939101791126514,-0.0003912424400412673,0.0738256296589596,2.752630446855552,2.611765791214176,1.9124470866545207,0.6993187045596552,1.400305600335053,0.8401833602010313,0.5601222401340216,0.05409457426972401,0.01,0.038704538272788906,1.346357206300937,0.12055218568314571,0.008190738775223923,0.7370029358995958,0.33939102133589105,-0.00039124210428663486,0.07382562958717914,2.7526303118014863,2.6117657416732656,1.912446954162194,0.6993187875110717,1.4003055960654869,0.8401833576392923,0.5601222384261946,0.05409457606829704,0.01,0.0387045392903511,1.3463571918971007,0.12055218507098661,0.008190738817098257
2273,0.7370029355007873,0.3393910171263889,-0.000391241754404803,0.07382562895059067,2.7526304517443476,2.6117657904538607,1.9124470927911097,0.699318697662751,1.400305598255397,0.8401833589532378,0.5601222393021591,0.054094573184952435,0.01,0.03870453767113708,1.3463572149824539,0.12055218557352629,0.008190738759318781,0.7370029348520175,0.33939102028710033,-0.0003912414417215071,0.07382562888404072,2.7526303270192414,2.611765744701852,1.9124469704513245,0.6993187742505275,1.4003055942798612,0.8401833565679169,0.5601222377119444,0.054094574844558055,0.01,0.03870453861029549,1.3463572016915348,0.1205521850083502,0.008190738797950719
2274,0.7370029343920885,0.33939101633359253,-0.0003912410661312121,0.07382562823774275,2.752630456715352,2.6117657896962356,1.9124470990103482,0.6993186906858877,1.400305596175007,0.840183357705004,0.5601222384700031,0.054094572100037874,0.01,0.03870453706892263,1.346357223665184,0.12055218546219516,0.00819073874325717,0.7370029337904789,0.33939101925098925,-0.00039124077497833254,0.07382562817604447,2.7526303415203106,2.6117657474400895,1.9124469860360556,0.6993187614040337,1.4003055924737582,0.8401833554842549,0.5601222369895033,0.05409457363152785,0.01,0.03870453793578008,1.3463572114002766,0.12055218494035909,0.008190738778901242
2275,0.737002933268971,0.3393910155316033,-0.0003912403744306542,0.07382562751893791,2.7526304617340505,2.6117657889183996,1.912447105278849,0.6993186836395506,1.400305594092003,0.8401833564552016,0.5601222376368015,0.054094571015674275,0.01,0.038704536466377254,1.3463572323435704,0.12055218534828777,0.00819073872700149,0.7370029327111283,0.3393910182246647,-0.00039124010335937764,0.07382562746174201,2.752630355332814,2.6117657498881073,1.9124470009448702,0.6993187489432371,1.4003055906465733,0.840183354387944,0.5601222362586293,0.054094572429042656,0.01,0.038704537266556274,1.3463572210246375,0.12055218486643801,0.008190738759892182
2276,0.7370029321256297,0.3393910147184615,-0.00039123967827475736,0.07382562679214391,2.75263046675825,2.6117657880904392,1.912447111555906,0.6993186765345334,1.4003055920039071,0.840183355202344,0.5601222368015631,0.054094569932698816,0.01,0.038704535863752075,1.3463572410109093,0.12055218523063295,0.008190738710496675,0.7370029316084304,0.3393910172046778,-0.000391239425924117,0.07382562673912876,2.7526303684722477,2.611765752037212,1.9124470151940296,0.6993187368431825,1.4003055887970302,0.8401833532782181,0.560122235518812,0.05409457123715049,0.01,0.03870453660243307,1.3463572305642333,0.12055218478568312,0.008190738740850103
2277,0.7370029309538253,0.339391013891206,-0.00039123897631125615,0.07382562605453127,2.7526304717344896,2.611765787172181,1.9124471177900584,0.6993186693821225,1.4003055899073857,0.8401833539444312,0.5601222359629545,0.05409456885214421,0.01,0.03870453526131949,1.3463572496589302,0.12055218510761453,0.008190738693662193,0.737002930474401,0.33939101618669903,-0.00039123874140099824,0.07382562600540155,2.7526303809382986,2.6117657538667887,1.9124470287845412,0.6993187250822477,1.4003055869229288,0.8401833521537574,0.5601222347691714,0.05409457005615764,0.01,0.03870453594327587,1.3463572400166117,0.12055218469672521,0.008190738721677616
2278,0.7370029297417046,0.33939101304538244,-0.00039123826672232687,0.07382562530210046,2.7526304765928407,2.6117657861083003,1.9124471239141165,0.6993186621941838,1.400305587797874,0.8401833526787242,0.5601222351191498,0.054094567775305566,0.01,0.03870453465936832,1.3463572582772612,0.12055218497697316,0.008190738676379625,0.7370029292974343,0.3393910151650202,-0.00039123804804611084,0.07382562525658617,2.7526303927100164,2.611765755339567,1.9124470416975532,0.6993187136420138,1.4003055850207722,0.8401833510124633,0.5601222340083089,0.05409456888669072,0.01,0.038704535288998955,1.3463572493767542,0.120552184597534,0.008190738702240928
2279,0.7370029284719499,0.33939101217425877,-0.00039123754701975155,0.07382562452909525,2.752630481239214,2.611765784820823,1.912447129837808,0.6993186549830152,1.4003055856690105,0.8401833514014061,0.5601222342676044,0.05409456670382583,0.01,0.038704534058184484,1.3463572668527453,0.1205521848354836,0.008190738658472974,0.7370029280604528,0.3393910141317603,-0.00039123734343862737,0.07382562448695117,2.752630403738472,2.6117657563942442,1.9124470538873473,0.6993187025068968,1.4003055830852076,0.8401833498511245,0.5601222332340831,0.05409456772977719,0.01,0.03870453463954331,1.3463572586364334,0.1205521844850973,0.008190738682350023
2280,0.737002927118733,0.33939101126750876,-0.0003912368136667066,0.07382562372702933,2.752630485543703,2.6117657831971295,1.9124471354366355,0.6993186477604938,1.4003055835117797,0.8401833501070676,0.5601222334047121,0.05409456563979363,0.01,0.038704533457992546,1.346357275368657,0.12055218467847442,0.00819073863967597,0.7370029267378728,0.3393910130755456,-0.0003912366241008297,0.07382562368803541,2.7526304139354223,2.6117657569336368,1.9124470652705186,0.699318691663118,1.400305581108173,0.8401833486649039,0.5601222324432692,0.054094566586939064,0.01,0.03870453399481616,1.3463572677834605,0.12055218435494312,0.008190738661725965
2281,0.737002925642374,0.33939101030884905,-0.00039123606139243594,0.07382562288294695,2.7526304893221094,2.6117657810695962,1.912447140534213,0.6993186405353833,1.400305581313161,0.8401833487878964,0.5601222325252647,0.054094564585830604,0.01,0.03870453285879883,1.3463572838040005,0.12055218449899942,0.008190738619573989,0.7370029252902778,0.33939101197914523,-0.0003912358848093822,0.07382562284691008,2.752630423155155,2.611765756804471,1.9124470757086236,0.6993186810958476,1.4003055790775516,0.8401833474465311,0.5601222316310205,0.0540945654602763,0.01,0.038704533354532,1.3463572768010188,0.12055218420031505,0.008190738639942907
2282,0.7370029239792,0.3393910092714463,-0.0003912567706802067,0.07382562197602939,2.7526304923049323,2.6117657781783583,1.912447144872595,0.6993186333057633,1.400305579053896,0.8401833474323372,0.5601222316215588,0.05409456354507991,0.01,0.03870453225997589,1.3463572921336056,0.12055218428639831,0.008190738597492366,0.737002923654304,0.3393910108148848,-0.0003912552691406057,0.07382562194278837,2.7526304311637957,2.6117657557603344,1.912447084978826,0.6993186707815087,1.4003055769749493,0.8401833461849698,0.5601222307899795,0.05409456435245207,0.01,0.038704532717795545,1.3463572856677806,0.1205521840107368,0.008190738616316579
2283,0.7370029258410986,0.33939100957068874,-0.00039122981462458295,0.07382562278086229,2.7526304940806092,2.61176578757392,1.9124471607443216,0.6993186268295983,1.40030555556048,0.8401833333362876,0.5601222222241924,0.05409456147533814,0.01,0.038704532249005136,1.3463573086995673,0.1205521846980688,0.008190738610788374,0.7370029254832782,0.3393910109888441,-0.0003912298582181284,0.0738256227442113,2.7526304375828983,2.611765766427987,1.9124471046169915,0.6993186618109956,1.4003055549431775,0.8401833329659067,0.5601222219772708,0.054094562230300285,0.01,0.038704532666599914,1.346357302653467,0.12055218443153434,0.008190738627787443
2284,0.7370029240457967,0.3393910084307073,-0.0003912360147826366,0.07382562177934497,2.7526305037176058,2.6117657857703307,1.9124471682587538,0.6993186175115769,1.4003055590980873,0.840183335458852,0.5601222236392353,0.054094560399644914,0.01,0.038704531408421304,1.3463573173093208,0.12055218449260156,0.00819073858668532,0.7370029237183946,0.3393910097422981,-0.0003912359380585928,0.07382562174582485,2.7526304514646065,2.611765766245701,1.9124471164136692,0.6993186498320314,1.4003055584182285,0.8401833350509372,0.5601222233672912,0.05409456109659905,0.01,0.038704531794782004,1.3463573117277767,0.12055218424704736,0.008190738602424717
2285,0.7370029231330979,0.3393910076202378,-0.00039123370257433676,0.07382562114039506,2.7526305116902607,2.6117657868265267,1.9124471782780528,0.699318608548474,1.4003055556870139,0.840183333412208,0.5601222222748059,0.054094559100555654,0.01,0.038704530738542686,1.3463573277078487,0.12055218443572122,0.008190738571371757,0.7370029228287878,0.3393910088325773,-0.0003912336413888634,0.07382562110925017,2.752630463363885,2.611765768763725,1.912447130324915,0.6993186384388095,1.4003055550649497,0.8401833330389699,0.5601222220259798,0.054094559744719835,0.01,0.03870453109556859,1.3463573225490717,0.12055218420851213,0.008190738585911676
2286,0.7370029220193904,0.33939100673616834,-0.00039123343786852394,0.07382562043332928,2.752630520061307,2.611765787219816,1.9124471876895757,0.6993185995302404,1.4003055539528857,0.840183332371731,0.5601222215811547,0.05409455785631462,0.01,0.03870453004057931,1.34635733766725,0.12055218434460409,0.008190738554075568,0.7370029217368644,0.3393910078568616,-0.0003912333805344004,0.07382562040442446,2.752630475363473,2.6117657705110737,1.912447143338655,0.699318627172419,1.4003055533746966,0.8401833320248181,0.5601222213498785,0.054094558451655145,0.01,0.03870453037055095,1.3463573328994765,0.12055218413442687,0.008190738567510233
2287,0.7370029209429365,0.3393910058625901,-0.0003912327182043346,0.07382561973705745,2.7526305284073693,2.6117657877663643,1.9124471973052644,0.6993185904610997,1.400305551836842,0.8401833311021049,0.560122220734737,0.05409455660767437,0.01,0.03870452935088539,1.3463573476619675,0.12055218425969016,0.008190738537105096,0.737002920680556,0.3393910068986045,-0.0003912326652566883,0.07382561971022376,2.7526304870630613,2.6117657723089067,1.912447156283036,0.6993186160258706,1.4003055513000422,0.8401833307800254,0.5601222205200168,0.054094557157925154,0.01,0.038704529655865835,1.3463573432552942,0.1205521840652425,0.008190738549518628
2288,0.7370029198569222,0.3393910049845775,-0.0003912320863540819,0.0738256190383436,2.752630536793042,2.611765788289852,1.9124472069180944,0.699318581371758,1.4003055497915795,0.8401833298749474,0.5601222199166321,0.05409455536552961,0.01,0.038704528662988597,1.3463573576047514,0.12055218417299912,0.008190738520027954,0.7370029196132165,0.3393910059423583,-0.0003912320373757189,0.07382561901342945,2.752630498548213,2.6117657739890294,1.912447168972379,0.6993186050166502,1.400305549293056,0.8401833295758337,0.5601222197172223,0.054094555874132665,0.01,0.03870452894488619,1.346357353531613,0.12055218399308734,0.008190738531498378
2289,0.7370029187704809,0.33939100410534706,-0.000391231435549963,0.0738256183394036,2.752630545196564,2.6117657888217742,1.912447216559673,0.6993185722621009,1.4003055477281519,0.8401833286368908,0.560122219091261,0.05409455412776856,0.01,0.03870452797781659,1.3463573675125105,0.12055218408607503,0.00819073850293253,0.7370029185440926,0.33939100499084845,-0.0003912313902367792,0.073825618316269,2.75263050981658,2.6117657755901513,1.912447181457513,0.6993185941326382,1.4003055472651114,0.840183328359067,0.5601222189060444,0.05409455459790218,0.01,0.03870452823839286,1.3463573637474537,0.12055218391959743,0.008190738513531954
2290,0.7370029176826394,0.3393910032249907,-0.0003912307853050634,0.07382561764006365,2.7526305536119033,2.6117657893543553,1.9124472262135552,0.6993185631408001,1.4003055456639137,0.840183327398348,0.5601222182655657,0.05409455289456765,0.01,0.03870452729514283,1.3463573773838307,0.1205521839987225,0.008190738485815172,0.7370029174723151,0.3393910040437122,-0.00039123074337442387,0.07382561761857936,2.752630520880053,2.6117657771111777,1.9124471937397876,0.6993185833713902,1.4003055452337758,0.8401833271402657,0.5601222180935101,0.05409455332916584,0.01,0.038704527536023964,1.3463573739033587,0.1205521838446624,0.008190738495610188
2291,0.7370029165940342,0.3393910023440027,-0.00039123013268878293,0.07382561694049483,2.752630562032242,2.6117657898871536,1.9124472358740334,0.6993185540131202,1.4003055435970144,0.8401833261582085,0.560122217438806,0.05409455166576206,0.01,0.03870452661492291,1.3463573872200296,0.12055218391102686,0.008190738468685616,0.7370029163986139,0.3393910031010228,-0.0003912300938860719,0.07382561692054138,2.75263053174837,2.6117657785578303,1.9124472058299309,0.6993185727278995,1.4003055431973985,0.8401833259184392,0.5601222172789593,0.054094552067533344,0.01,0.03870452683761005,1.3463573840024514,0.12055218376844572,0.008190738477737705
2292,0.7370029155049785,0.3393910014627368,-0.0003912294784674669,0.07382561624080135,2.7526305704522196,2.6117657904188505,1.9124472455350208,0.6993185448838298,1.400305541528665,0.8401833249171988,0.5601222166114661,0.054094550441237066,0.01,0.03870452593708428,1.3463573970220257,0.12055218382302084,0.008190738451550121,0.7370029153233898,0.3393910021627455,-0.00039122944255508274,0.07382561622226815,2.7526305424314486,2.611765779934482,1.9124472177370284,0.6993185621974537,1.4003055411573666,0.8401833246944201,0.5601222164629465,0.054094550812681885,0.01,0.038704526142963255,1.3463573940473168,0.12055218369105236,0.008190738459916056
2293,0.7370029144158255,0.33939100058151633,-0.0003912288227045785,0.07382561554109378,2.7526305788677483,2.6117657909488017,1.9124472551920728,0.699318535756729,1.4003055394594595,0.8401833236756755,0.560122215783784,0.05409454922085573,0.01,0.03870452526155202,1.346357406790914,0.12055218373475103,0.00819073843441474,0.7370029142470742,0.33939100122884414,-0.0003912287894657085,0.0738256155238784,2.7526305529393054,2.611765781245737,1.912447229470641,0.6993185517750962,1.4003055391144403,0.8401833234686643,0.560122215645776,0.05409454956428237,0.01,0.03870452545190213,1.3463574040405875,0.12055218361259501,0.008190738442146921
2294,0.7370029133267884,0.3393909997005763,-0.00039122816577177866,0.07382561484143832,2.752630587275268,2.611765791476172,1.912447264841227,0.6993185266349449,1.4003055373900686,0.8401833224340409,0.5601222149560277,0.05409454800448134,0.01,0.038704524588244464,1.346357416527788,0.1205521836462433,0.008190738417283655,0.7370029131699549,0.3393910002992223,-0.0003912281350042235,0.073825614825446,2.752630563281402,2.6117657824956098,1.9124472410397373,0.6993185414558722,1.4003055370694408,0.8401833222416646,0.5601222148277762,0.05409454832202093,0.01,0.038704524764246837,1.3463574139847778,0.12055218353316115,0.00819073842443047
2295,0.737002912238086,0.33939099882012014,-0.0003912275077487398,0.07382561414189628,2.7526305956721666,2.6117657920005257,1.9124472744796281,0.6993185175208976,1.4003055353208977,0.8401833211925385,0.5601222141283593,0.054094546791959075,0.01,0.03870452391707521,1.3463574262338875,0.1205521835575302,0.008190738400160661,0.7370029120923173,0.33939099937377726,-0.0003912274792699094,0.07382561412703913,2.752630573467141,2.611765783688136,1.9124472524533922,0.6993185312347434,1.4003055350229143,0.8401833210137487,0.5601222140091656,0.054094547085579175,0.01,0.03870452407982034,1.3463574238824356,0.12055218345283937,0.00819073840676677
2296,0.7370029111498623,0.33939099794029803,-0.00039122684884772274,0.07382561344250338,2.752630604056301,2.6117657925213997,1.912447284104883,0.6993185084165165,1.4003055332523635,0.8401833199514178,0.5601222133009457,0.05409454558313409,0.01,0.03870452324795512,1.3463574359104507,0.12055218346863393,0.008190738383048467,0.7370029110143679,0.33939099845237664,-0.0003912268224850052,0.07382561342869998,2.752630583505473,2.611765784826982,1.9124472637202314,0.6993185211067509,1.4003055329754028,0.8401833197852417,0.5601222131901611,0.0540945458546514,0.01,0.03870452339844984,1.3463574337360091,0.12055218337170416,0.0081907383891551
2297,0.7370029100622603,0.3393909970612367,-0.00039122618912461327,0.07382561274328901,2.75263061242618,2.611765793038584,1.9124472937153372,0.6993184993232466,1.4003055311847383,0.8401833187108427,0.5601222124738956,0.054094544377843744,0.01,0.038704522580793266,1.3463574455587808,0.12055218337957851,0.008190738365949468,0.7370029099363071,0.3393909975348862,-0.0003912261647207871,0.0738256127304639,2.752630593405148,2.611765785915752,1.9124472748487689,0.6993185110669833,1.400305530927299,0.8401833185563793,0.5601222123709196,0.05409454462893572,0.01,0.0387045227199673,1.346357443547915,0.12055218328982747,0.008190738371594689
2298,0.7370029089753596,0.3393909961830247,-0.000391225528740588,0.07382561204426351,2.752630620780467,2.611765793551761,1.9124473033094906,0.6993184902422702,1.4003055291182944,0.8401833174709763,0.5601222116473181,0.05409454317593472,0.01,0.03870452191550221,1.346357455180104,0.12055218329037647,0.00819073834886524,0.737002908858269,0.33939099662115435,-0.00039122550614749396,0.07382561203234672,2.752630603174284,2.61176578695765,1.9124472858468942,0.6993185011107558,1.4003055288789834,0.84018331732739,0.5601222115515934,0.054094543408150356,0.01,0.03870452204421405,1.3463574533204092,0.12055218320726609,0.008190738354084192
2299,0.7370029078892258,0.33939099530573075,-0.0003912248677513802,0.0738256113454287,2.752630629118126,2.611765794060702,1.9124473128862163,0.6993184811744859,1.4003055270531835,0.8401833162319098,0.5601222108212737,0.054094541977255634,0.01,0.03870452125199699,1.346357464775633,0.12055218320103755,0.00819073833179702,0.7370029077803665,0.3393909957110267,-0.0003912248468376095,0.07382561133435532,2.7526306128205706,2.611765787955691,1.912447296722144,0.6993184912335473,1.4003055268307112,0.8401833160984267,0.5601222107322845,0.05409454219202542,0.01,0.03870452137103943,1.3463574630556527,0.12055218312407065,0.008190738336622136
2300,0.7370029068038848,0.3393909944294,-0.00039122420625301024,0.07382561064677619,2.752630637438176,2.611765794565101,1.912447322444459,0.6993184721206418,1.400305524989529,0.8401833149937171,0.560122209995812,0.05409454078166603,0.01,0.03870452059019845,1.3463574743464912,0.12055218311156184,0.008190738314745538,0.7370029067026729,0.3393909948043443,-0.0003912241868902766,0.07382561063648607,2.752630622351083,2.6117657889125745,1.9124473074814654,0.6993184814311091,1.4003055247826963,0.8401833148696177,0.5601222099130786,0.05409454098031108,0.01,0.038704520700303724,1.346357472755646,0.12055218304027897,0.008190738319206785
2301,0.7370029057193423,0.33939099355406105,-0.00039122354429538264,0.07382560994828928,2.752630645739778,2.611765795064661,1.9124473319833495,0.6993184630813114,1.4003055229273815,0.8401833137564286,0.5601222091709529,0.054094539589031584,0.01,0.03870451993003113,1.3463574838937549,0.12055218302194645,0.008190738297711199,0.7370029056252345,0.3393909939009456,-0.00039122352637181723,0.07382560993872658,2.7526306317724276,2.611765789830772,1.9124473181313804,0.6993184716993918,1.400305522735079,0.8401833136410473,0.5601222090940317,0.05409453977277198,0.01,0.03870452003187543,1.3463574824222728,0.1205521829559228,0.008190738301836219
2302,0.7370029046355946,0.3393909926797313,-0.0003912228819016039,0.07382560924994794,2.7526306540222585,2.611765795559128,1.9124473415022085,0.6993184540569197,1.4003055208667503,0.84018331252005,0.5601222083467003,0.05409453839922442,0.01,0.03870451927142377,1.3463574934184468,0.1205521829321857,0.008190738280694214,0.7370029045480876,0.3393909930006737,-0.0003912228653079469,0.07382560924106084,2.752630641090796,2.611765790712589,1.9124473286780288,0.6993184620345599,1.4003055206879453,0.8401833124127671,0.5601222082751782,0.05409453856918721,0.01,0.038704519365631726,1.3463574920573027,0.12055218287102865,0.008190738284508552
2303,0.7370029035526164,0.33939099180641363,-0.00039122221911312705,0.07382560855172342,2.752630662285031,2.6117657960482257,1.9124473510004536,0.699318445047772,1.4003055188076297,0.8401833112845776,0.5601222075230521,0.05409453721212546,0.01,0.03870451861430926,1.3463575029215211,0.12055218284226622,0.0081907382636945,0.7370029034712428,0.33939099210337,-0.000391222203752456,0.07382560854346384,2.7526306503119455,2.6117657915601082,1.9124473391271257,0.6993184524329827,1.4003055186413664,0.8401833111848198,0.5601222074565466,0.0540945373693516,0.01,0.038704518701457837,1.3463575016623783,0.12055218278561286,0.00819073826722173
2304,0.7370029024703938,0.3393909909341096,-0.0003912215559070259,0.0738256078535883,2.7526306705277173,2.6117657965317855,1.9124473604777348,0.6993184360540509,1.4003055167499712,0.8401833100499825,0.5601222066999887,0.05409453602761932,0.01,0.038704517958623924,1.3463575124039013,0.12055218275217527,0.008190738246712004,0.7370029023947184,0.339390991208887,-0.000391221541689607,0.07382560784591155,2.752630659441355,2.611765792375346,1.9124473494841387,0.6993184428912071,1.400305516595361,0.8401833099572166,0.5601222066381445,0.05409453617307047,0.01,0.03870451803924607,1.346357511239058,0.12055218269968973,0.008190738249973892
2305,0.737002901388838,0.33939099006279,-0.00039122089240695157,0.07382560715549367,2.7526306787496555,2.611765797009343,1.9124473699334068,0.699318427075936,1.4003055146937482,0.8401833088162487,0.5601222058774995,0.054094534845607466,0.01,0.03870451730431029,1.3463575218663757,0.1205521826618859,0.008190738229745888,0.7370029013184581,0.33939099031705783,-0.0003912208792463401,0.07382560714835829,2.752630668483777,2.6117657931598517,1.9124473597537983,0.6993184334060535,1.4003055145499648,0.8401833087299788,0.560122205819986,0.054094534980172054,0.01,0.03870451737889842,1.346357520788718,0.12055218261325787,0.008190738232762541
2306,0.7370029003078761,0.33939098919242366,-0.00039122022855868355,0.07382560645739072,2.7526306869503876,2.611765797480567,1.9124473793671126,0.6993184181134544,1.400305512638792,0.8401833075832751,0.5601222050555169,0.05409453366599023,0.01,0.038704516651313185,1.3463575313097433,0.12055218257137211,0.00819073821279539,0.7370029002424158,0.3393909894277243,-0.0003912202163808831,0.07382560645075817,2.7526306774437472,2.6117657939151546,1.9124473699407052,0.6993184239744495,1.40030551250507,0.840183307503042,0.560122205002028,0.05409453379048898,0.01,0.038704516720322164,1.3463575303126971,0.12055218252631424,0.008190738215585355
2307,0.7370028992273596,0.33939098832294834,-0.0003912195644728833,0.07382560575920888,2.752630695129177,2.6117657979448277,1.9124473887781983,0.6993184091666294,1.4003055105849644,0.8401833063509785,0.560122204233986,0.05409453248868209,0.01,0.03870451599958234,1.3463575407346877,0.12055218248058756,0.008190738195858926,0.7370028991664704,0.3393909885407069,-0.0003912195532043833,0.07382560575304332,2.7526306863251433,2.611765794642345,1.9124473800487896,0.6993184145935551,1.4003055104605897,0.8401833062763538,0.5601222041842359,0.054094532603873396,0.01,0.03870451606343248,1.34635753981218,0.1205521824388342,0.008190738198439346
2308,0.7370028981471402,0.3393909874542953,-0.0003912189001075844,0.07382560506087277,2.752630703285365,2.611765798401545,1.9124473981661754,0.6993184002353694,1.400305508531983,0.8401833051191897,0.5601222034127934,0.0540945313135991,0.01,0.038704515349070594,1.346357550141882,0.12055218238948298,0.008190738178934849,0.7370028980904975,0.3393909876558285,-0.0003912188896836172,0.0738256050551409,2.7526306951315704,2.611765795342429,1.9124473900817942,0.6993184052606347,1.4003055084162939,0.8401833050497763,0.5601222033665175,0.054094531420183695,0.01,0.038704515408150286,1.3463575492883009,0.1205521823507883,0.008190738181321544
2309,0.7370028970669914,0.33939098658636424,-0.00039121823555123003,0.07382560436228387,2.7526307114179476,2.6117657988498117,1.912447407530208,0.6993183913196037,1.400305506479566,0.8401833038877394,0.5601222025918265,0.05409453014067211,0.01,0.038704514699736556,1.3463575595318789,0.12055218229799314,0.008190738162020688,0.7370028970142947,0.3393909867728894,-0.0003912182259083047,0.0738256043569548,2.752630703865964,2.6117657960159724,1.912447400042797,0.6993183959731752,1.4003055063719452,0.8401833038231671,0.5601222025487781,0.05409453023929757,0.01,0.038704514754404715,1.3463575587420387,0.12055218226212967,0.008190738164228285
2310,0.7370028959866567,0.3393909857190375,-0.00039121757078901254,0.07382560366332938,2.7526307195258157,2.611765799288629,1.9124474168694459,0.6993183824191831,1.4003055044272836,0.84018330265637,0.5601222017709137,0.054094528969837505,0.01,0.038704514051543064,1.346357568905188,0.12055218220604251,0.008190738145113608,0.7370028959376245,0.3393909858916787,-0.00039121756187336654,0.07382560365837429,2.7526307125308525,2.6117657966633248,1.9124474099345568,0.699318386728768,1.4003055043271597,0.8401833025962958,0.5601222017308639,0.054094529061102216,0.01,0.03870451410213133,1.3463575681742963,0.12055218217279971,0.008190738147155588
2311,0.7370028949057947,0.3393909848521628,-0.0003912169058921666,0.07382560296387082,2.7526307276074298,2.61176579971663,1.9124474261826414,0.6993183735339887,1.4003055023746478,0.8401833014247885,0.5601222009498593,0.054094527801045476,0.01,0.03870451340445908,1.346357578262209,0.12055218211353307,0.008190738128209873,0.7370028948601661,0.3393909850119594,-0.00039121689765052314,0.07382560295926296,2.7526307211280554,2.611765797284376,1.9124474197591637,0.6993183775252123,1.4003055022814863,0.8401833013688917,0.5601222009125946,0.054094527885502584,0.01,0.03870451345127403,1.3463575775858356,0.12055218208271595,0.008190738130098707
2312,0.7370028938239727,0.3393909839855507,-0.0003912162409182157,0.07382560226373962,2.7526307356607003,2.611765800132041,1.9124474354680947,0.6993183646639465,1.4003055003210099,0.8401833001926057,0.5601222001284042,0.054094526634262355,0.01,0.038704512758461866,1.34635758760321,0.12055218202034784,0.008190738111304812,0.7370028937815047,0.3393909841334631,-0.00039121623330290456,0.07382560225945409,2.752630729658595,2.61176579787851,1.9124474295180054,0.6993183683605046,1.4003055002343157,0.8401833001405894,0.5601222000937263,0.05409452671242302,0.01,0.0387045128017868,1.3463575869772617,0.12055218199177596,0.008190738113052003
2313,0.7370028927407081,0.33939098311898763,-0.0003912155758288016,0.07382560156274723,2.752630743683278,2.6117658005328925,1.9124474447239495,0.6993183558089429,1.4003054982655478,0.8401832989593285,0.5601221993062193,0.05409452546946108,0.01,0.03870451211353375,1.3463575969284085,0.12055218192635321,0.008190738094393166,0.7370028927011744,0.33939098325590344,-0.0003912155687960106,0.07382560155876086,2.752630738122987,2.611765798444826,1.9124474392120716,0.6993183592327542,1.400305498184859,0.8401832989109155,0.5601221992739436,0.054094525541797854,0.01,0.03870451215363057,1.3463575963491006,0.12055218189985946,0.008190738096009344
2314,0.7370028916553711,0.3393909822522042,-0.00039121491074506354,0.07382560086066037,2.752630751671929,2.611765800916527,1.912447453947522,0.6993183469690052,1.4003054962073453,0.840183297724407,0.5601221984829383,0.05409452430663905,0.01,0.038704511469667205,1.3463576062378249,0.12055218183137692,0.008190738077468215,0.7370028916185611,0.33939098237894405,-0.00039121490425245153,0.07382560085695157,2.7526307465206514,2.611765798981657,1.9124474488413123,0.6993183501403444,1.4003054961322314,0.840183297679339,0.5601221984528925,0.05409452437358875,0.01,0.03870451150677804,1.3463576057016589,0.12055218180680646,0.0081907380789632
2315,0.7370028905672343,0.3393909813848907,-0.0003912142456559409,0.07382560015721149,2.7526307596227486,2.6117658012798417,1.9124474631356256,0.6993183381442163,1.4003054941452053,0.8401832964871231,0.5601221976580822,0.05409452314580894,0.01,0.03870451082686466,1.3463576155313572,0.12055218173522705,0.008190738060522208,0.7370028905329519,0.339390981502213,-0.00039121423966560764,0.07382560015376019,2.752630754850134,2.611765799486812,1.9124474584049742,0.6993183410818375,1.4003054940752662,0.8401832964451598,0.5601221976301064,0.05409452320777541,0.01,0.03870451086121331,1.3463576150350995,0.12055218171243655,0.008190738061905066
2316,0.7370028894753982,0.3393909805166721,-0.0003912135806569961,0.07382559945207967,2.7526307675307113,2.611765801618909,1.9124474722840643,0.699318329334845,1.4003054920777454,0.840183295246647,0.5601221968310983,0.05409452198701149,0.01,0.0387045101851414,1.3463576248086797,0.12055218163766737,0.008190738043545674,0.73700288944346,0.33939098062527784,-0.00039121357513567656,0.07382559944886717,2.752630763108674,2.611765799957208,1.9124474679011088,0.6993183320560992,1.4003054920126086,0.8401832952075652,0.5601221968050434,0.054094522044368154,0.01,0.038704510216934856,1.3463576243493398,0.12055218161652399,0.008190738044824774
2317,0.7370028883787865,0.33939097964710757,-0.00039121291580601625,0.07382559874488866,2.7526307753895036,2.6117658019289345,1.9124474813875496,0.6993183205413849,1.4003054900032568,0.8401832940019539,0.5601221960013029,0.05409452083031725,0.01,0.03870450954452902,1.346357634069227,0.12055218153842213,0.008190738026527367,0.737002888349022,0.33939097974764476,-0.0003912129107210144,0.07382559874189755,2.7526307712920537,2.6117658003888327,1.9124474773265092,0.6993183230623232,1.400305489942574,0.8401832939655445,0.5601221959770295,0.05409452088340931,0.01,0.038704509573958594,1.3463576336440402,0.1205521815188027,0.008190738027710441
2318,0.7370028872760984,0.3393909787756715,-0.0003912122511976479,0.07382559803519176,2.7526307831912566,2.6117658022040326,1.91244749043944,0.6993183117645927,1.4003054879196946,0.8401832927518166,0.560122195167878,0.054094519675831,0.01,0.038704508905075964,1.3463576433121602,0.12055218143716265,0.008190738009453812,0.7370028872483484,0.3393909788687394,-0.00039121224651836317,0.07382559803240576,2.7526307793943374,2.6117658007765225,1.9124474866764527,0.6993183141000698,1.4003054878631414,0.8401832927178848,0.5601221951452565,0.0540945197249777,0.01,0.03870450893231861,1.3463576429185695,0.12055218141895292,0.008190738010548005
2319,0.737002886165753,0.33939097790173667,-0.0003912115869670746,0.07382559732245615,2.752630790926042,2.611765802436922,1.91244749943129,0.6993183030056319,1.4003054858245867,0.8401832914947518,0.5601221943298349,0.0540945185237045,0.01,0.03870450826685461,1.346357652536263,0.12055218133349131,0.00819073799230877,0.7370028861398692,0.33939097798788903,-0.0003912115826676943,0.07382559731986016,2.7526307874073885,2.6117658011136617,1.9124474959442712,0.6993183051693908,1.400305485771862,0.8401832914631172,0.5601221943087448,0.054094518569201076,0.01,0.03870450829207396,1.3463576521719047,0.12055218131658571,0.008190737993320676
2320,0.7370028850458604,0.33939097702456333,-0.0003912109232317301,0.07382559660605516,2.7526307985815803,2.611765802618755,1.9124475083526222,0.6993182942661328,1.4003054837149307,0.8401832902289581,0.5601221934859726,0.05409451737413726,0.01,0.0387045076299627,1.3463576617399386,0.12055218122694145,0.00819073797507297,0.7370028850217035,0.33939097710431215,-0.0003912109192876073,0.073825596603635,2.7526307953205795,2.6117658013920213,1.9124475051211287,0.6993182962708926,1.4003054836657516,0.8401832901994509,0.5601221934663007,0.05409451741625675,0.01,0.038704507653310086,1.3463576614026254,0.12055218121124163,0.008190737976008675
2321,0.7370028839140214,0.3393909761432252,-0.00039121026037988726,0.07382559588521387,2.752630806142077,2.6117658027381934,1.9124475171897966,0.6993182855483968,1.4003054815871347,0.8401832889522806,0.5601221926348542,0.05409451622740223,0.01,0.03870450699453129,1.3463576709210003,0.12055218111693468,0.008190737957722113,0.7370028838914616,0.3393909762170437,-0.00039121025676704113,0.07382559588295634,2.7526308031196427,2.6117658016008307,1.9124475141949007,0.69931828740593,1.4003054815412366,0.8401832889247419,0.5601221926164947,0.05409451626639722,0.01,0.038704507016146694,1.3463576706087097,0.12055218110234957,0.008190737958587239
2322,0.7370028827674158,0.3393909752566371,-0.00039120959852646797,0.07382559515902755,2.752630813588543,2.6117658027818162,1.912447525926559,0.6993182768552575,1.4003054794366405,0.840183287661984,0.5601221917746565,0.05409451508382625,0.01,0.03870450636072374,1.3463576800768313,0.12055218100279677,0.008190737940227687,0.7370028827463317,0.3393909753249629,-0.00039120959522387366,0.07382559515692033,2.752630810787005,2.611765801727198,1.912447523150739,0.6993182785764591,1.4003054793937768,0.8401832876362662,0.5601221917575107,0.05409451511993034,0.01,0.038704506380736636,1.346357679787692,0.12055218098924185,0.008190737941027426
2323,0.7370028816025429,0.339390974363463,-0.00039120893813129887,0.07382559442639487,2.752630820897306,2.6117658027328785,1.9124475345424523,0.6993182681904264,1.4003054772580898,0.8401832863548536,0.5601221909032362,0.05409451394382728,0.01,0.03870450572874483,1.346357689204083,0.12055218088371289,0.008190737922554443,0.737002881582821,0.3393909744267006,-0.00039120893512055444,0.07382559442442643,2.7526308183002968,2.6117658017548635,1.9124475319694785,0.6993182697853848,1.4003054772180306,0.8401832863308184,0.5601221908872122,0.05409451397725663,0.01,0.03870450574727504,1.3463576889363646,0.12055218087110964,0.00819073792329358
2324,0.7370028804151072,0.339390973462074,-0.0003912082796946742,0.07382559368598401,2.7526308280389085,2.6117658025707007,1.9124475430120098,0.6993182595586909,1.4003054750448316,0.8401832850268987,0.560122190017933,0.05409451280792834,0.01,0.038704505098852905,1.346357698298568,0.12055218075869824,0.008190737904659271,0.7370028803966412,0.3393909735205974,-0.00039120827695647564,0.07382559368414354,2.752630825631275,2.6117658016636014,1.9124475406268588,0.6993182610367424,1.4003054750073598,0.840183285004416,0.5601221900029438,0.05409451283888288,0.01,0.03870450511601124,1.346357698050669,0.12055218074697378,0.008190737905342235
2325,0.737002879199767,0.3393909725504476,-0.00039120762398976716,0.07382559293616331,2.7526308349767397,2.6117658022695602,1.9124475513035177,0.6993182509660425,1.4003054727887039,0.840183283673222,0.5601221891154818,0.0540945116767755,0.01,0.03870450447136506,1.3463577073551112,0.12055218062653071,0.008190737886488603,0.737002879182456,0.33939097260460205,-0.0003912076215114857,0.07382559293444065,2.7526308327444364,2.611765801428098,1.9124475490922652,0.6993182523358332,1.4003054727536184,0.8401832836521711,0.5601221891014473,0.0540945117054403,0.01,0.03870450448725408,1.34635770712555,0.12055218061561714,0.008190737887119463
2326,0.7370028779498764,0.339390971626074,-0.0003912069719858857,0.07382559217493219,2.7526308416650487,2.611765801797384,1.9124475593773147,0.6993182424200693,1.400305470479557,0.840183282287734,0.560122188191823,0.05409451055116947,0.01,0.03870450384667461,1.3463577163673008,0.12055218048573628,0.008190737867975875,0.7370028779336261,0.33939097167617915,-0.00039120696975196434,0.07382559217331783,2.7526308395950645,2.611765801016671,1.9124475573270645,0.6993182436896063,1.4003054704466664,0.840183282268,0.5601221881786664,0.054094510577715776,0.01,0.038704503861389225,1.3463577161547053,0.12055218047557044,0.008190737868558392
2327,0.7370028766570633,0.3393909706857848,-0.0003912063251065162,0.07382559139980434,2.7526308480466413,2.611765801113907,1.9124475671837824,0.6993182339301243,1.400305468104765,0.8401832808628589,0.5601221872419062,0.05409450943209163,0.01,0.03870450322525909,1.346357725327277,0.12055218033448314,0.008190737849037143,0.7370028766417841,0.3393909707321352,-0.0003912063231046037,0.07382559139828926,2.752630846126919,2.6117658003894046,1.9124475652825854,0.6993182351068192,1.4003054680738893,0.8401832808443338,0.5601221872295555,0.054094509456677896,0.01,0.038704503238887134,1.3463577251303782,0.12055218032500621,0.008190737849574772
2328,0.7370028753107347,0.33939096972555705,-0.0003912056852983653,0.07382559060767618,2.7526308540497264,2.6117658001683823,1.9124475746606748,0.6993182255077073,1.40030546564842,0.8401832793890517,0.5601221862593683,0.054094508320743556,0.01,0.03870450260770013,1.3463577342254167,0.12055218017045673,0.008190737829566015,0.7370028752963416,0.33939096976842503,-0.0003912056835193023,0.07382559060625188,2.752630852269087,2.6117657994958803,1.9124475728974533,0.6993182265984272,1.4003054656193898,0.8401832793716341,0.5601221862477558,0.05409450834351653,0.01,0.0387045026203229,1.3463577340430395,0.12055218016161376,0.008190737830061936
2329,0.737002873897459,0.33939096874027475,-0.000391205055106314,0.07382558979466339,2.7526308595839137,2.6117657988966965,1.9124475817296762,0.6993182171670203,1.4003054630903962,0.8401832778542374,0.5601221852361588,0.054094507218601054,0.01,0.03870450199470898,1.346357743049901,0.12055217999079025,0.008190737809427386,0.7370028738838718,0.3393909687799119,-0.0003912050535374023,0.07382558979332177,2.7526308579319916,2.6117657982722884,1.912447580094162,0.6993182181781264,1.400305463063049,0.8401832778378295,0.5601221852252194,0.05409450723969658,0.01,0.038704502006401784,1.3463577428809579,0.12055217998252991,0.008190737809884536
2330,0.7370028724000087,0.3393909677233387,-0.00039120443815165995,0.07382558895584465,2.7526308645349107,2.6117657972171697,1.9124475882918075,0.699318208925362,1.4003054604051721,0.8401832762431031,0.560122184162069,0.05409450612747316,0.01,0.03870450138714669,1.3463577517862426,0.12055217979187068,0.008190737788447477,0.7370028723871491,0.3393909677599763,-0.0003912044367894857,0.07382558895457803,2.752630863002087,2.61176579663722,1.912447586774473,0.6993182098627467,1.4003054603793563,0.840183276227614,0.5601221841517423,0.05409450614701703,0.01,0.038704501397979214,1.3463577516297254,0.12055217978414484,0.008190737788868526
2331,0.7370028707962029,0.33939096666620083,-0.00039120383934490577,0.07382558808495847,2.7526308687575547,2.611765795025342,1.912447594221545,0.699318200803797,1.4003054575600162,0.8401832745360095,0.5601221830240067,0.05409450504958026,0.01,0.038704500786060934,1.3463577604166583,0.12055217956908282,0.008190737766401857,0.7370028707839964,0.3393909667000524,-0.0003912038381816141,0.0738255880837594,2.7526308673349034,2.611765794486473,1.9124475928135531,0.6993182016729202,1.400305457535583,0.8401832745213501,0.560122183014233,0.05409450506768902,0.01,0.03870450079609776,1.346357760271635,0.12055217956184626,0.008190737766789262
2332,0.7370028690573108,0.33939096555771797,-0.00039120326543376494,0.07382558717398546,2.752630872066632,2.611765792186894,1.9124475993589614,0.6993181928279328,1.400305454512785,0.8401832727076709,0.5601221818051142,0.05409450398765702,0.01,0.03870450019272747,1.3463577689192494,0.12055217931651048,0.00819073774299889,0.7370028690456832,0.33939096558897935,-0.0003912032644696889,0.07382558717284671,2.752630870745862,2.6117657916859587,1.9124475980521058,0.6993181936338528,1.4003054544895932,0.8401832726937563,0.560122181795837,0.05409450400443859,0.01,0.03870450020202838,1.3463577687848542,0.12055217930972043,0.00819073774335487
2333,0.7370028671460381,0.33939096438334293,-0.0003912027253835798,0.07382558621263134,2.752630874224867,2.6117657885286034,1.9124476034995328,0.6993181850290704,1.4003054512088906,0.8401832707253343,0.5601221804835563,0.054094502945089135,0.01,0.03870449960871238,1.3463577772668998,0.12055217902662294,0.008190737717858904,0.7370028671349171,0.3393909644121939,-0.0003912027246141814,0.07382558621154578,2.7526308729982722,2.6117657880626677,1.9124476022861931,0.6993181857764745,1.4003054511867978,0.840183270712079,0.5601221804747188,0.05409450296064358,0.01,0.03870449961733283,1.346357777142332,0.12055217902023883,0.008190737718185483
2334,0.737002865013524,0.33939096312387373,-0.0003912022318035835,0.07382558518754567,2.752630874927137,2.6117657838254993,1.9124476063806535,0.6993181774448458,1.400305447577472,0.8401832685464833,0.5601221790309888,0.05409450192606043,0.01,0.03870449903591776,1.3463577854261035,0.12055217868965871,0.008190737690482593,0.7370028650028366,0.3393909631504787,-0.00039120223123305375,0.07382558518650625,2.7526308737875462,2.611765783391821,1.9124476052537405,0.6993181781380805,1.4003054475563423,0.8401832685338058,0.5601221790225366,0.0540945019404805,0.01,0.03870449904390909,1.3463577853106208,0.12055217868364176,0.008190737690781585
2335,0.7370028625954798,0.33939096175384814,-0.00039120180199175847,0.07382558408133288,2.7526308737794363,2.6117657777842256,1.912447607664019,0.6993181701202069,1.4003054435256956,0.8401832661154175,0.5601221774102781,0.05409450093574184,0.01,0.03870449847665802,1.3463577933554505,0.12055217829285132,0.00819073766021038,0.7370028625851502,0.3393909617783558,-0.00039120180162728613,0.07382558408033238,2.7526308727201654,2.61176577738023,1.9124476066169314,0.6993181707632986,1.4003054435053894,0.840183266103234,0.5601221774021554,0.05409450094911358,0.01,0.03870449848406786,1.346357793248363,0.12055217828716401,0.00819073766048337
2336,0.7370028598065999,0.3393909602391715,-0.00039120146027069036,0.07382558287111862,2.7526308702709126,2.611765770019688,1.9124476069120655,0.6993181631076227,1.4003054389314116,0.8401832633588471,0.5601221755725645,0.05409449998050481,0.01,0.038704497933717844,1.3463578010039137,0.12055217781943062,0.008190737626162965,0.7370028597965498,0.3393909602617165,-0.00039120146012062984,0.07382558287014954,2.752630869285721,2.6117657696429544,1.9124476059386495,0.699318163704305,1.4003054389117855,0.8401832633470716,0.5601221755647139,0.05409449999290808,0.01,0.03870449794059038,1.3463578009045825,0.12055217781403631,0.008190737626411348
2337,0.7370028565324582,0.3393909585336088,-0.0003912012414302307,0.07382558152646737,2.752630863735724,2.611765760022057,1.9124476035562004,0.6993181564658564,1.4003054336325396,0.8401832601795239,0.5601221734530156,0.054094499068141344,0.01,0.038704497410385924,1.346357808309092,0.12055217724716649,0.008190737587154254,0.7370028565226028,0.3393909585543108,-0.0003912012415130117,0.0738255815255218,2.752630862818773,2.611765759670293,1.9124476026507056,0.6993181570195877,1.4003054336134448,0.8401832601680672,0.5601221734453776,0.054094499079650304,0.01,0.038704497416762164,1.346357808216923,0.12055217724202875,0.00819073758737919
2338,0.7370028526181847,0.3393909565738663,-0.00039120119502825124,0.07382558000649642,2.7526308532998582,2.611765747110802,1.9124475968528558,0.699318150257946,1.4003054274116706,0.8401832564470025,0.5601221709646681,0.05409449820815324,0.01,0.038704496910506106,1.34635781519489,0.12055217654631521,0.008190737541569413,0.7370028526084296,0.33939095659282964,-0.0003912011953671468,0.07382558000556559,2.752630852445661,2.6117657467818236,1.9124475960098937,0.6993181507719299,1.4003054273929452,0.8401832564357674,0.5601221709571778,0.05409449821883677,0.01,0.03870449691642408,1.346357815109331,0.12055217654139702,0.008190737541771806
2339,0.7370028478508552,0.33939095427178617,-0.000391201394433785,0.07382557825534737,2.752630837806042,2.611765730365531,1.9124475858213112,0.6993181445442198,1.4003054199745508,0.8401832519847307,0.5601221679898202,0.05409449741200222,0.01,0.03870449643839298,1.3463578215695167,0.1205521756765441,0.008190737487173196,0.737002847841093,0.33939095428909866,-0.0003912013950633231,0.07382557825442146,2.7526308370094204,2.611765730057231,1.9124475850358102,0.6993181450214203,1.400305419956016,0.8401832519736101,0.560122167982406,0.0540944974219245,0.01,0.03870449644388808,1.3463578214900547,0.12055217567180701,0.008190737487353683
2340,0.7370028419334113,0.33939095150268817,-0.0003912019484775958,0.07382557619548612,2.75263081570451,2.6117657085245414,1.912447569154535,0.6993181393700062,1.4003054109166249,0.840183246549975,0.5601221643666499,0.05409449669335987,0.01,0.03870449599867559,1.3463578273234846,0.12055217458254275,0.008190737420824774,0.7370028419235143,0.3393909515184193,-0.00039120194944912423,0.07382557619455349,2.752630814960548,2.6117657082348607,1.9124475684217015,0.6993181398131592,1.4003054108980768,0.8401832465388465,0.5601221643592303,0.054094496702580555,0.01,0.038704496003780606,1.346357827249641,0.12055217457794513,0.008190737420983635
2341,0.7370028344427559,0.3393909480863426,-0.00039120302433351406,0.07382557371684653,2.7526307848915885,2.6117656798261617,1.9124475450874996,0.6993181347386622,1.4003053996734816,0.8401832398040889,0.5601221598693926,0.05409449606813967,0.01,0.038704495595751176,1.3463578323293506,0.12055217318706545,0.00819073733801559,0.737002834432566,0.3393909481005392,-0.00039120302572148713,0.07382557371589304,2.752630784195569,2.6117656795530437,1.9124475444027622,0.6993181351502815,1.400305399654677,0.8401832397928065,0.5601221598618705,0.05409449607671437,0.01,0.038704495600496554,1.34635783226068,0.12055217318256085,0.008190737338152645
2342,0.7370028247614465,0.3393909437554933,-0.0003912048856221928,0.07382557065903378,2.7526307424635386,2.611765641756018,1.9124475111987969,0.6993181305572216,1.4003053854412362,0.8401832312647416,0.5601221541764946,0.05409449555398407,0.01,0.0387044952325592,1.3463578364458249,0.12055217137997512,0.00819073723210993,0.7370028247507628,0.33939094376817436,-0.0003912048875317209,0.07382557065804149,2.75263074181088,2.6117656414973554,1.912447510557755,0.6993181309396004,1.4003053854218752,0.8401832312531253,0.5601221541687499,0.054094495561964606,0.01,0.03870449523697313,1.3463578363819129,0.12055217137550912,0.008190737232224434
2343,0.7370028119578481,0.33939093809961884,-0.00039120796819998305,0.0738255667798045,2.7526306843285404,2.611765590617629,1.9124474641004916,0.6993181265171375,1.4003053670467482,0.8401832202280488,0.5601221468186994,0.05409449516810913,0.01,0.03870449490752557,1.3463578395350346,0.12055216900011442,0.008190737092999131,0.7370028119464027,0.33939093811076504,-0.000391207970792104,0.07382556677874964,2.75263068371471,2.6117655903711743,1.9124474634988402,0.6993181268723342,1.4003053670264494,0.8401832202158699,0.5601221468105795,0.05409449517554364,0.01,0.03870449491163391,1.3463578394754951,0.12055216899562003,0.008190737093089474
2344,0.7370027945604103,0.3393909304570272,-0.0003912130385328588,0.07382556169506524,2.752630604559508,2.6117655207507626,1.9124473989275614,0.6993181218232012,1.4003053427199113,0.8401832056319466,0.5601221370879647,0.054094494920743405,0.01,0.038704494607064245,1.3463578415150634,0.1205521658023481,0.008190736904540476,0.7370027945478281,0.33939093046656155,-0.0003912130420594545,0.07382556169391474,2.752630603979902,2.611765520513992,1.9124473983610026,0.6993181221529892,1.400305342698165,0.8401832056188994,0.5601221370792657,0.05409449492767638,0.01,0.03870449461089037,1.346357841459541,0.120552165797738,0.008190736904603764
2345,0.7370027700634338,0.33939091967288515,-0.00039122160352741964,0.07382555474481328,2.752630494236373,2.6117654229009166,1.9124473084375055,0.6993181144634111,1.4003053096647795,0.8401831857988676,0.5601221238659119,0.05409449479313137,0.01,0.038704494283346505,1.3463578425361136,0.12055216139165024,0.008190736638874029,0.7370027700491527,0.3393909196806353,-0.000391221608418188,0.07382555474351771,2.752630493686129,2.6117654226707714,1.9124473079016049,0.6993181147691665,1.4003053096408733,0.8401831857845243,0.560122123856349,0.05409449479960278,0.01,0.038704494286910335,1.3463578424842875,0.12055216138680154,0.008190736638905157
